epoch,lifetime,reward_mean,policy_loss,value_loss,sym_loss,score_real_crouch/full,score_fake_crouch/full,disc_reward_crouch/full,task_reward_0
1,14.25,-0.3845456540584564,0.20576949715614318,0.8432916522026062,0.0,0.010322258807718754,0.06862236559391022,0.06749842315912247,-0.053458862006664276
10,12.3125,-1.0724518299102783,-0.024928742833435536,0.30476261377334596,0.0,0.009950892948028114,0.0664568795926041,0.06410214304924011,-0.0579276978969574
20,16.5,-0.783900797367096,-0.027770261839032175,0.1548576235771179,0.0,0.014052319806069136,0.05893183685839176,0.04968895763158798,-0.053635258227586746
30,15.8125,-0.8801160752773285,-0.028499190136790274,0.05842734277248383,0.0,0.01685672402381897,0.05067807249724865,0.05036672577261925,-0.05153743177652359
40,14.5625,-1.1799021363258362,-0.02344158962368965,0.03939779400825501,0.0,0.02000480517745018,0.04548226036131382,0.040721651166677475,-0.05599365383386612
50,13.1875,-1.1819570660591125,-0.020145690999925137,0.021803732216358184,0.0,0.023895787075161934,0.04129123464226723,0.03662196174263954,-0.05654848366975784
60,11.875,-1.2801501154899597,-0.029831773601472378,0.039266735315322876,0.0,0.02628015261143446,0.03134159035980701,0.028850635513663292,-0.04956221953034401
70,14.875,-0.6969602108001709,-0.02171202190220356,0.01978927068412304,0.0,0.030502475798130035,0.025887149013578893,0.023011762648820877,-0.04916544258594513
80,14.8125,-0.9997773170471191,-0.02540403660386801,0.017737917229533197,0.0,0.03404366075992584,0.01979093411937356,0.016356468200683594,-0.0638539046049118
90,10.25,-1.3872644305229187,-0.025737966410815716,0.013148787245154381,0.0,0.03733094781637192,0.014135939255356788,0.01963474042713642,-0.05997905507683754
100,16.75,-0.8104356229305267,-0.027294886112213135,0.01091928593814373,0.0,0.041549306735396384,0.001962463045492768,-0.006224619224667549,-0.05338159576058388
110,14.25,-0.9093080759048462,-0.023149511963129043,0.012831299193203449,0.0,0.04394032955169678,-0.0013353506568819285,-0.010388321243226528,-0.05266718566417694
120,16.125,-1.103755235671997,-0.030674299225211143,0.02142643854022026,0.0,0.04747075848281383,-0.010722872987389564,-0.019084129482507706,-0.04215443134307861
130,17.6875,-0.9092263281345367,-0.024242518469691277,0.013314740359783172,0.0,0.0514546986669302,-0.017326985858380793,-0.025385163724422455,-0.033215079456567764
140,11.5625,-1.2050634026527405,-0.029124471172690392,0.0140573151409626,0.0,0.05428124442696571,-0.02285706140100956,-0.02077079564332962,-0.04877527803182602
150,14.0,-1.1202374696731567,-0.025663275457918643,0.013603608869016171,0.0,0.05739875137805939,-0.030621108412742615,-0.03743581846356392,-0.05819437652826309
160,18.125,-0.737456202507019,-0.022209000959992408,0.015752587094902994,0.0,0.06079000383615494,-0.03973180204629898,-0.051325730979442596,-0.05856712907552719
170,12.4375,-1.2053791880607605,-0.031359123066067696,0.020555903390049934,0.0,0.06414129957556725,-0.04323221631348133,-0.03739579766988754,-0.030214957892894745
180,13.5,-1.123806118965149,-0.0219027578830719,0.011784099228680133,0.0,0.06660274937748908,-0.04853438548743725,-0.05109728127717972,-0.053516849875450134
190,14.4375,-1.1281911134719849,-0.0295516649261117,0.013357581570744514,0.0,0.06908653303980827,-0.05463404692709446,-0.05964897572994232,-0.054035015404224396
200,20.75,-0.8354844748973846,-0.02202250249683857,0.01171673759818077,0.0,0.07233914285898209,-0.05839094780385494,-0.06604516506195068,-0.047531887888908386
210,13.875,-1.2183535695075989,-0.02774220108985901,0.010469292104244233,0.0,0.07453845739364624,-0.0663646101951599,-0.06416019797325134,-0.036496274173259735
220,11.75,-1.0340790152549744,-0.028327950835227968,0.006706852745264768,0.0,0.07690180987119674,-0.07028484232723713,-0.07560403645038605,-0.04702211543917656
230,17.75,-0.7433660626411438,-0.0263406939804554,0.007734367996454239,0.0,0.07842426896095275,-0.07538470923900605,-0.09153807908296585,-0.02488834224641323
240,15.0625,-1.1353050470352173,-0.024949295073747636,0.011565016955137253,0.0,0.08133503422141075,-0.07966957613825798,-0.07823947072029114,-0.05204518884420395
250,11.75,-1.0445635914802551,-0.02472291737794876,0.005509072635322809,0.0,0.08324904888868331,-0.08564771562814713,-0.0873493179678917,-0.056752994656562805
260,14.125,-1.2337837219238281,-0.021143165603280067,0.012843173928558826,0.0,0.08519512936472892,-0.09283767417073249,-0.0921303853392601,-0.04231893643736839
270,9.6875,-1.4175350666046143,-0.019342131726443768,0.02201361320912838,0.0,0.0876941666007042,-0.09396822601556779,-0.0976303219795227,-0.01077770534902811
280,14.1875,-0.8540441691875458,-0.025582847744226457,0.011061608046293258,0.0,0.09017274156212807,-0.10154142454266549,-0.0925636887550354,-0.05965140834450722
290,22.8125,-0.672271341085434,-0.021532589197158815,0.009690520912408828,0.0,0.09281119406223297,-0.10871128588914872,-0.12130894511938095,-0.05709514766931534
300,10.0,-1.342465579509735,-0.021143312379717828,0.006250765267759561,0.0,0.09503497108817101,-0.10613667666912079,-0.11145590245723724,-0.04677344113588333
310,16.9375,-0.8470826148986816,-0.022180841863155366,0.014874899946153163,0.0,0.09554974585771561,-0.11939996108412743,-0.1216311901807785,-0.01937125436961651
320,17.125,-1.1561224460601807,-0.026313048787415028,0.006431190203875304,0.0,0.09749221131205558,-0.1188860408961773,-0.12434586137533188,-0.05072376877069473
330,11.125,-1.1537483930587769,-0.024614351987838744,0.0077517607249319555,0.0,0.09923730343580246,-0.12109401524066925,-0.11923010647296906,-0.05023689195513725
340,15.625,-0.8668933510780334,-0.020933968760073186,0.007519382238388062,0.0,0.10148975998163223,-0.12728512808680534,-0.12868288159370422,-0.0529705174267292
350,14.5625,-0.7712893784046173,-0.023675958439707757,0.016625635884702207,0.0,0.10219097882509232,-0.1324675627052784,-0.13418111205101013,-0.04991385340690613
360,17.125,-0.8654405474662781,-0.0268732450902462,0.01064135879278183,0.0,0.10429561138153076,-0.13810475617647172,-0.1362830400466919,-0.04249449074268341
370,10.8125,-1.1547653079032898,-0.026692755147814752,0.006206049583852291,0.0,0.10556263476610184,-0.1389218121767044,-0.13145191967487335,-0.043713390827178955
380,10.8125,-1.0715292692184448,-0.02915828414261341,0.007749104686081409,0.0,0.10670311897993087,-0.14079891741275788,-0.14993396401405334,-0.053494103252887726
390,21.4375,-0.4932269901037216,-0.023005919065326452,0.008233980089426041,0.0,0.10795658454298973,-0.14732764959335326,-0.1657254993915558,-0.044110678136348724
400,13.9375,-0.9553103744983673,-0.018368708342313765,0.016694191470742227,0.0,0.10951091423630714,-0.15321535617113113,-0.1629873812198639,-0.0020697610452771187
410,16.3125,-1.171020746231079,-0.01959526613354683,0.01284275334328413,0.0,0.11028917953372001,-0.1589568004012108,-0.1603098213672638,-0.049613114446401596
420,20.8125,-0.6955607831478119,-0.021902637928724288,0.01067655012011528,0.0,0.11291313096880913,-0.1590256944298744,-0.17376334965229034,-0.054413944482803345
430,13.625,-1.077666163444519,-0.026768877729773523,0.006144228391349316,0.0,0.11411095708608628,-0.1603722646832466,-0.1693269908428192,-0.047689806669950485
440,14.0625,-1.0735216736793518,-0.02404461707919836,0.011149189434945583,0.0,0.11479954943060874,-0.16430900543928145,-0.1589621901512146,-0.04984651505947113
450,19.625,-1.0807306170463562,-0.02277194894850254,0.005569428298622369,0.0,0.11647143587470055,-0.16744463592767717,-0.16932909190654755,-0.054279644042253494
460,13.5,-1.2774621844291687,-0.026447825133800507,0.006586983986198902,0.0,0.11633793041110038,-0.16878480464220047,-0.17246848344802856,-0.05693409591913223
470,15.5,-1.0920062065124512,-0.02091137133538723,0.006586798280477524,0.0,0.11872264072299003,-0.17703550904989243,-0.18674498796463013,-0.059350769966840744
480,12.9375,-1.4763990640640259,-0.02752572987228632,0.006416136585175991,0.0,0.11898425742983817,-0.17739148586988449,-0.17983940243721008,-0.059174466878175735
490,12.4375,-1.271927833557129,-0.026319892331957816,0.007512381672859192,0.0,0.1197133220732212,-0.1788660928606987,-0.16943469643592834,-0.04834102466702461
500,19.25,-0.7070755660533905,-0.02844357080757618,0.009935511834919452,0.0,0.12166787832975387,-0.18615414202213287,-0.20722664892673492,-0.045642025768756866
510,14.25,-1.0859026312828064,-0.025491820089519023,0.010065537877380848,0.0,0.1219308078289032,-0.19007611721754075,-0.1795753389596939,-0.05494137108325958
520,12.125,-1.1890520453453064,-0.023842665180563927,0.012682984583079815,0.0,0.12199518829584122,-0.18985510617494583,-0.19240984320640564,-0.05604775249958038
530,13.4375,-1.0892424583435059,-0.028983280062675476,0.007939909771084785,0.0,0.12509540617465972,-0.19421517997980117,-0.1879654824733734,-0.05510948598384857
540,13.875,-1.2951323986053467,-0.024559419974684714,0.00838325098156929,0.0,0.12504927963018417,-0.19758955389261246,-0.20380660891532898,-0.06413622200489044
550,17.875,-0.709878534078598,-0.02616037763655186,0.016699073649942876,0.0,0.12754331901669502,-0.19676051735877992,-0.20951126515865326,-0.04786543548107147
560,13.4375,-1.2820160388946533,-0.023155965283513068,0.005712555162608624,0.0,0.12724249437451363,-0.19998392313718796,-0.18635255098342896,-0.053890932351350784
570,12.125,-1.2004343271255493,-0.023844990506768228,0.005906435940414667,0.0,0.12767573297023774,-0.20085364431142808,-0.21660323441028595,-0.055027250200510025
580,15.4375,-0.9997987151145935,-0.022265829704701902,0.005539141967892647,0.0,0.1292184442281723,-0.2065704882144928,-0.20594000816345215,-0.05360247939825058
590,18.0,-1.0082584619522095,-0.026205164194107056,0.009450201131403446,0.0,0.12908926606178284,-0.21574782133102416,-0.22490905225276947,-0.050876788794994354
600,16.8125,-0.913959801197052,-0.022679778188467024,0.009006607159972192,0.0,0.13004859983921052,-0.21988210529088975,-0.23061667382717133,-0.0507499985396862
610,18.125,-1.0213958621025085,-0.028377904370427132,0.007725291233509779,0.0,0.13029056116938592,-0.22073417156934738,-0.24176129698753357,-0.061951398849487305
620,15.0,-1.3026152849197388,-0.023633509315550326,0.009030630253255368,0.0,0.13172530829906465,-0.21993049830198289,-0.23716798424720764,-0.046890757977962494
630,14.1875,-1.209575355052948,-0.02460920363664627,0.009274728782474994,0.0,0.13191239088773726,-0.22507157176733017,-0.23071199655532837,-0.05976325646042824
640,13.875,-1.004037618637085,-0.020721320807933808,0.009830880537629127,0.0,0.13418678492307662,-0.21999815553426744,-0.20709815621376038,-0.059109270572662354
650,16.6875,-1.013870656490326,-0.029570741392672063,0.009984754957258701,0.0,0.13401298075914383,-0.22416228502988816,-0.2289464771747589,-0.05816841498017311
660,16.75,-0.9148141145706177,-0.032088110223412514,0.005795944575220346,0.0,0.13440211415290831,-0.2244792640209198,-0.23788294196128845,-0.04385211691260338
670,16.875,-0.9043629765510559,-0.025182591378688814,0.010277289710938931,0.0,0.13638491779565812,-0.22940202355384826,-0.21490468084812164,-0.04664330929517746
680,12.4375,-1.1731557846069336,-0.022169637307524682,0.030948827788233758,0.0,0.1366911858320236,-0.23094987720251084,-0.2212410867214203,0.001000984339043498
690,12.3125,-1.3034995198249817,-0.02459406405687332,0.00508971894159913,0.0,0.13723577857017516,-0.23836792409420013,-0.22821544110774994,-0.05917505919933319
700,18.875,-1.2091293931007385,-0.02514067105948925,0.004826153069734574,0.0,0.13864415287971496,-0.23795612007379532,-0.24325042963027954,-0.04723137244582176
710,14.375,-1.1890730261802673,-0.025034622848033906,0.0055017945356667045,0.0,0.13874455094337462,-0.2353066921234131,-0.22205980122089386,-0.029547061771154404
720,15.5625,-0.8218571841716766,-0.020404324494302274,0.00978428553789854,0.0,0.1381743386387825,-0.2313784584403038,-0.231424480676651,-0.05993124842643738
730,18.4375,-0.6121432781219482,-0.024460211955010892,0.012538425624370575,0.0,0.13978211879730223,-0.23824750632047653,-0.20799250900745392,-0.05121016502380371
740,11.5625,-1.4928372502326965,-0.029230340383946896,0.008183078095316886,0.0,0.1404684454202652,-0.2362457886338234,-0.22359809279441833,-0.05329149588942528
750,15.8125,-1.1131938099861145,-0.025793414935469626,0.013256916590034962,0.0,0.1396364986896515,-0.24081099778413773,-0.2530478537082672,-0.036741115152835846
760,21.25,-1.024347871541977,-0.026153716444969177,0.004668309632688761,0.0,0.14107872545719147,-0.2422688201069832,-0.23890367150306702,-0.06859248876571655
770,13.375,-1.1020393371582031,-0.023285009898245335,0.007443590927869082,0.0,0.1430908814072609,-0.230747289955616,-0.2146330326795578,-0.05537675321102142
780,21.0625,-0.5512948930263519,-0.022675975039601327,0.01543369609862566,0.0,0.1432594671845436,-0.23839278072118758,-0.2718673050403595,-0.057769373059272766
790,14.0,-0.927623063325882,-0.024689142405986787,0.01422950867563486,0.0,0.14300907254219056,-0.24548097997903823,-0.24213907122612,-0.06722743809223175
800,13.4375,-1.1159139275550842,-0.02505837269127369,0.02313278391957283,0.0,0.14405408054590224,-0.2473154529929161,-0.24034233391284943,-0.05832274630665779
810,21.25,-0.8263622522354126,-0.022201632708311082,0.005838113836944103,0.0,0.1446084424853325,-0.24520300179719925,-0.24421288073062897,-0.05556660145521164
820,16.25,-1.0227952003479004,-0.028375846147537232,0.006367876473814249,0.0,0.1447576627135277,-0.2522290825843811,-0.2497805655002594,-0.0544913187623024
830,18.125,-0.931820422410965,-0.021460457425564527,0.005919080227613449,0.0,0.14559445530176163,-0.25929263085126875,-0.27280521392822266,-0.04449770599603653
840,13.9375,-0.9061874151229858,-0.021569793485105036,0.004236854519695044,0.0,0.14654874354600905,-0.2551662355661392,-0.22027632594108582,-0.04531712085008621
850,15.75,-0.7382299602031708,-0.02559286877512932,0.007927711587399244,0.0,0.14776987582445145,-0.2606356546282768,-0.26336994767189026,-0.0542716458439827
860,10.375,-1.297721028327942,-0.021767012029886245,0.017338262498378755,0.0,0.14727069288492203,-0.25580543279647827,-0.25522831082344055,-0.017924416810274124
870,14.1875,-1.0183232426643372,-0.0251675795763731,0.005330002773553133,0.0,0.14702406972646714,-0.2609968617558479,-0.2469811737537384,-0.048016563057899475
880,20.5625,-0.8279012441635132,-0.021563494764268398,0.01017104797065258,0.0,0.14779369235038758,-0.25578485876321794,-0.24574969708919525,-0.05669883266091347
890,12.3125,-1.3749641180038452,-0.022912505269050597,0.030903377383947373,0.0,0.14851655811071396,-0.2551015645265579,-0.2736758291721344,0.03886411711573601
900,14.8125,-1.1126654148101807,-0.028012963011860847,0.008896715380251408,0.0,0.149551559984684,-0.26238412857055665,-0.24403643608093262,-0.049287330359220505
910,14.875,-1.1306803226470947,-0.025431266240775584,0.005217696912586689,0.0,0.15007640719413756,-0.25946369469165803,-0.27842435240745544,-0.05205198749899864
920,16.9375,-1.0188967883586884,-0.01947287321090698,0.0044038462918251755,0.0,0.14979656636714936,-0.2509858965873718,-0.2469320446252823,-0.05199529975652695
930,16.0625,-1.1147137880325317,-0.022817748226225378,0.007757484074681997,0.0,0.15147039145231248,-0.24896550923585892,-0.24597373604774475,-0.04833657294511795
940,16.5,-0.9270159006118774,-0.027280433103442192,0.005404009763151407,0.0,0.15190290957689284,-0.2548121377825737,-0.25615841150283813,-0.052210450172424316
950,16.6875,-1.0187283754348755,-0.026463353261351585,0.007403370179235935,0.0,0.15264553278684617,-0.25628225356340406,-0.2485721856355667,-0.050211209803819656
960,23.75,-0.7457470595836639,-0.02995789162814617,0.0048542113974690436,0.0,0.15284912288188934,-0.2607636198401451,-0.28705424070358276,-0.04574955254793167
970,15.5,-1.1290793418884277,-0.02036086469888687,0.0034589131828397512,0.0,0.1525551989674568,-0.25669668316841127,-0.2669556736946106,-0.06016895920038223
980,19.0,-0.8287247717380524,-0.02371825762093067,0.008703670278191567,0.0,0.1535803496837616,-0.26264308393001556,-0.2532500624656677,-0.051889728754758835
990,18.625,-1.021131455898285,-0.03134430423378944,0.006611292622983456,0.0,0.15227487236261367,-0.2551559120416641,-0.24860939383506775,-0.05499721318483353
1000,19.5,-1.1315844058990479,-0.021733903139829636,0.006855481490492821,0.0,0.15329496711492538,-0.2669741675257683,-0.2715228796005249,-0.060574885457754135
1010,13.6875,-1.1120555996894836,-0.028736085444688798,0.00884023103863001,0.0,0.15366322845220565,-0.2564851701259613,-0.23602396249771118,-0.05589502304792404
1020,14.3125,-1.012273907661438,-0.02521926276385784,0.008238432370126248,0.0,0.15351136177778243,-0.2541603952646255,-0.24464820325374603,-0.04054057598114014
1030,18.6875,-0.9313913583755493,-0.025190233811736108,0.007442999072372914,0.0,0.1536023885011673,-0.2576827898621559,-0.2642818093299866,-0.05268147587776184
1040,13.0625,-1.2250763773918152,-0.02240206375718117,0.00533561110496521,0.0,0.1527497351169586,-0.25519917607307435,-0.2672516703605652,-0.05915351212024689
1050,17.9375,-1.018594741821289,-0.026783042401075364,0.011068343743681907,0.0,0.15417258441448212,-0.2501975357532501,-0.2550275921821594,-0.04304664954543114
1060,14.8125,-1.033421367406845,-0.02728533260524273,0.005944588594138623,0.0,0.15297366082668304,-0.26790675073862075,-0.2818906605243683,-0.04574604704976082
1070,15.75,-1.1895459294319153,-0.02107626497745514,0.008018581755459308,0.0,0.15435974448919296,-0.255242058634758,-0.199630007147789,-0.05537885054945946
1080,17.625,-1.204817771911621,-0.02900896593928337,0.0076419197954237465,0.0,0.15349260121583938,-0.257403789460659,-0.23662179708480835,-0.05025409907102585
1090,15.8125,-0.9024062752723694,-0.025720838457345963,0.012271573022007942,0.0,0.1540200725197792,-0.2582710936665535,-0.24528107047080994,-0.010971037670969963
1100,18.4375,-0.9279157519340515,-0.02572336867451668,0.008777588699012994,0.0,0.15573327690362931,-0.26211102306842804,-0.25741153955459595,-0.053835488855838776
1110,15.1875,-1.1196988224983215,-0.023868022859096526,0.0070537312887609,0.0,0.15406546741724014,-0.26725332736968993,-0.26481547951698303,-0.04330367594957352
1120,18.0,-0.7575638890266418,-0.02758670784533024,0.005667694937437772,0.0,0.15595774352550507,-0.2758983224630356,-0.295759916305542,-0.0615234375
1130,14.25,-1.0288848280906677,-0.027146914787590504,0.009619138576090336,0.0,0.15593863278627396,-0.26410347372293475,-0.2731214165687561,-0.04646139219403267
1140,19.75,-0.9232228100299835,-0.02856113687157631,0.00812436630949378,0.0,0.1574987307190895,-0.26877988278865816,-0.25406506657600403,-0.04749765247106552
1150,13.0,-1.3090816140174866,-0.02200730945914984,0.007707487232983113,0.0,0.157387837767601,-0.27181953489780425,-0.24440357089042664,-0.05506886541843414
1160,16.875,-1.030059814453125,-0.030023093521595,0.01880912818014622,0.0,0.15805940926074982,-0.2703097701072693,-0.27359679341316223,-0.049767397344112396
1170,15.4375,-1.2162344455718994,-0.026403690874576568,0.005484577920287848,0.0,0.1588858664035797,-0.2784024477005005,-0.24711613357067108,-0.0633854940533638
1180,16.9375,-0.9386569857597351,-0.03132944367825985,0.00687324870377779,0.0,0.15942185521125793,-0.2767969697713852,-0.2817426323890686,-0.052085429430007935
1190,11.375,-1.3273726105690002,-0.032167589478194716,0.00707911541685462,0.0,0.15855325758457184,-0.28172318935394286,-0.28349292278289795,-0.05514796823263168
1200,12.75,-1.2251074314117432,-0.030724391900002958,0.006868701800704003,0.0,0.15829674452543258,-0.2852802574634552,-0.26928433775901794,-0.05771361663937569
1210,15.875,-0.9272517561912537,-0.02949262224137783,0.005410209018737078,0.0,0.1599164605140686,-0.2884977042675018,-0.2548978924751282,-0.05663643777370453
1220,21.625,-1.1367372870445251,-0.02617953084409237,0.007048577070236206,0.0,0.1591898649930954,-0.28081307411193845,-0.2887718677520752,-0.05731487274169922
1230,17.25,-0.8405024409294128,-0.028175416588783263,0.010020860098302364,0.0,0.15913145393133163,-0.283359506726265,-0.27848100662231445,-0.05253184959292412
1240,22.375,-0.6604166030883789,-0.024566440284252165,0.00786622278392315,0.0,0.1621033266186714,-0.29399001598358154,-0.3100644648075104,-0.04560902714729309
1250,13.375,-1.2284693121910095,-0.024648642912507058,0.005827233195304871,0.0,0.16113896816968917,-0.2868441671133041,-0.28859272599220276,-0.04679074138402939
1260,18.0,-0.8497592806816101,-0.025413252413272858,0.010556184872984885,0.0,0.16152039915323257,-0.2967348098754883,-0.29864561557769775,-0.05009043216705322
1270,15.5625,-1.041802167892456,-0.022993210516870023,0.011794289946556092,0.0,0.16263282299041748,-0.2845982864499092,-0.2973257303237915,-0.050406865775585175
1280,14.625,-1.2165725827217102,-0.02340141236782074,0.016082023456692695,0.0,0.16188907623291016,-0.29492012560367586,-0.25728288292884827,-0.05405513942241669
1290,19.0625,-0.8617956936359406,-0.030264410004019738,0.012670069932937622,0.0,0.16213505566120148,-0.2885053545236588,-0.31975671648979187,-0.0532972514629364
1300,16.0,-0.8553443849086761,-0.028580330684781073,0.008504189923405648,0.0,0.16165772080421448,-0.29964861571788787,-0.3168562352657318,-0.04280894994735718
1310,17.1875,-1.235505759716034,-0.027817803621292114,0.007038986217230559,0.0,0.16276657581329346,-0.29488232731819153,-0.29117390513420105,-0.05817025527358055
1320,15.375,-1.0356579720973969,-0.030066171288490297,0.030562228336930276,0.0,0.161176498234272,-0.2769414886832237,-0.2827204167842865,-0.054034274071455
1330,12.375,-1.3209151029586792,-0.02769914027303457,0.01045075971633196,0.0,0.16047791242599488,-0.2869323521852493,-0.2786949872970581,-0.04881470650434494
1340,16.0625,-0.8195839524269104,-0.02443575132638216,0.028076600283384323,0.0,0.16227599382400512,-0.2963116496801376,-0.3060340881347656,0.016001805663108826
1350,18.4375,-0.6009712666273117,-0.02053387425839901,0.030882323533296584,0.0,0.16275563091039658,-0.2886562243103981,-0.2518342137336731,0.013582899235188961
1360,19.5625,-0.759130448102951,-0.021890539117157458,0.01207722295075655,0.0,0.16279969811439515,-0.28451231867074966,-0.30941686034202576,-0.05176877975463867
1370,11.6875,-1.3240811824798584,-0.027378249540925027,0.009516665246337652,0.0,0.1628889799118042,-0.2874241828918457,-0.2693646252155304,-0.0649322122335434
1380,14.4375,-1.1223756074905396,-0.024609147757291793,0.009129066951572895,0.0,0.1637241795659065,-0.29415454566478727,-0.27553004026412964,-0.03823952004313469
1390,19.5,-0.9428809285163879,-0.02227481473237276,0.0072125234641134735,0.0,0.16393554359674453,-0.28590054959058764,-0.2903231084346771,-0.052631676197052
1400,18.6875,-1.037291944026947,-0.024345682933926582,0.012269591726362706,0.0,0.16263034343719482,-0.28150724470615385,-0.285874605178833,-0.05009985715150833
1410,17.8125,-1.028175801038742,-0.022168219927698372,0.0074382108636200425,0.0,0.16382203996181488,-0.2835481733083725,-0.264600932598114,-0.057146765291690826
1420,17.75,-0.835628092288971,-0.01704058162868023,0.005471961107105017,0.0,0.1628375083208084,-0.27526592314243314,-0.26231884956359863,-0.05997109413146973
1430,20.3125,-0.7420918345451355,-0.02725825794041157,0.016521785967051984,0.0,0.162866273522377,-0.27731657326221465,-0.2824200391769409,-0.04564511030912399
1440,17.875,-0.9364206194877625,-0.023582589626312257,0.021403638646006584,0.0,0.16497650742530823,-0.2807019501924515,-0.3101160228252411,-0.019464168697595596
1450,18.1875,-0.6603581309318542,-0.02416422963142395,0.004503107210621238,0.0,0.1657921090722084,-0.29085132479667664,-0.30699247121810913,-0.04974206164479256
1460,14.8125,-1.1487860679626465,-0.02417714465409517,0.007278681360185146,0.0,0.1628764972090721,-0.2906424939632416,-0.3138759732246399,-0.05579197779297829
1470,27.6875,-1.0237032771110535,-0.021965655032545328,0.006666610855609179,0.0,0.1651152789592743,-0.2709462672472,-0.2651730179786682,-0.04673328250646591
1480,13.9375,-1.1207033395767212,-0.023167915642261505,0.0136710150167346,0.0,0.16563990116119384,-0.29445751309394835,-0.2900061011314392,-0.024177759885787964
1490,19.75,-0.9193031787872314,-0.02502579540014267,0.027850431948900224,0.0,0.16519590318202973,-0.29058786332607267,-0.28980350494384766,-0.007547654211521149
1500,19.125,-0.9361008703708649,-0.02741522779688239,0.009984130132943391,0.0,0.1651685506105423,-0.28396927416324613,-0.26519718766212463,-0.06477679312229156
1510,16.625,-0.8442153036594391,-0.023594154603779317,0.01026011873036623,0.0,0.1646003618836403,-0.2884338885545731,-0.2962859869003296,-0.03930681198835373
1520,15.25,-0.8436430096626282,-0.021596923097968103,0.004677488654851914,0.0,0.16504860371351243,-0.28228120505809784,-0.2745014429092407,-0.0636422261595726
1530,17.875,-1.018052488565445,-0.02696031965315342,0.009275826159864664,0.0,0.16577472239732743,-0.2904841512441635,-0.24597755074501038,-0.05618793144822121
1540,14.125,-1.0419330298900604,-0.028977731242775917,0.012727400660514832,0.0,0.16512528210878372,-0.290922275185585,-0.30011436343193054,-0.04938581958413124
1550,11.125,-1.319876790046692,-0.0301374277099967,0.008355713542550802,0.0,0.16675812900066375,-0.2919364184141159,-0.26770544052124023,-0.05918102711439133
1560,15.9375,-0.9474232196807861,-0.022090921737253667,0.004733392037451267,0.0,0.16749607473611833,-0.2915871500968933,-0.2906110882759094,-0.06226698309183121
1570,20.0,-0.567224383354187,-0.02771712988615036,0.007827784679830075,0.0,0.16698104590177537,-0.2880990028381348,-0.31784653663635254,-0.046219196170568466
1580,14.625,-1.0380204021930695,-0.026006156206130983,0.005329222325235606,0.0,0.1666489139199257,-0.29491442143917085,-0.2858695089817047,-0.05589614436030388
1590,11.5625,-1.2468301653862,-0.025651194900274277,0.007316521275788546,0.0,0.16802405565977097,-0.29843021631240846,-0.3199408948421478,-0.05488911643624306
1600,16.6875,-0.9364344775676727,-0.031039791740477087,0.008782517537474633,0.0,0.1684703290462494,-0.29377074241638185,-0.30342814326286316,-0.026206549257040024
1610,14.625,-1.116002082824707,-0.02137591000646353,0.029513351619243622,0.0,0.1697376012802124,-0.30619858801364896,-0.31627410650253296,0.012304671108722687
1620,19.8125,-0.8308202028274536,-0.02356320507824421,0.005445168353617191,0.0,0.17052083611488342,-0.29103024005889894,-0.26659247279167175,-0.045263633131980896
1630,11.9375,-1.3499982357025146,-0.03018089532852173,0.011095773801207543,0.0,0.16927191317081453,-0.29909096360206605,-0.3414559066295624,-0.04612114652991295
1640,15.75,-0.8219668567180634,-0.028351126238703728,0.010867989808320998,0.0,0.1701785534620285,-0.29092714190483093,-0.2762645483016968,-0.018453795462846756
1650,18.8125,-1.0409294962882996,-0.029315311461687088,0.004861455038189888,0.0,0.16993809193372728,-0.29226018488407135,-0.29510998725891113,-0.05274883657693863
1660,16.375,-0.7679721117019653,-0.02027941830456257,0.009637385420501233,0.0,0.17052882462739943,-0.2940313696861267,-0.33159640431404114,-0.047893330454826355
1670,14.125,-1.1185438632965088,-0.020436125248670577,0.005905245058238506,0.0,0.16927504390478135,-0.29429662227630615,-0.2688418924808502,-0.04199754819273949
1680,13.9375,-1.0491990149021149,-0.024995481222867967,0.007168648857623338,0.0,0.16884437203407288,-0.29562398195266726,-0.30158066749572754,-0.06259439885616302
1690,12.125,-1.2439130544662476,-0.026310776732861994,0.005829667113721371,0.0,0.17054156661033631,-0.29263930916786196,-0.3055601716041565,-0.0629081279039383
1700,16.5625,-1.050066351890564,-0.026636050827801228,0.005862176697701216,0.0,0.16968006491661072,-0.28564106673002243,-0.32005608081817627,-0.046846095472574234
1710,17.9375,-0.7541388869285583,-0.024103525839746,0.011466559581458568,0.0,0.1694331333041191,-0.28832302093505857,-0.29122573137283325,-0.06045813113451004
1720,14.8125,-1.3131352066993713,-0.022168627008795738,0.00997584480792284,0.0,0.17075194269418717,-0.29539214372634887,-0.2707216441631317,-0.04388740286231041
1730,19.0625,-0.865645170211792,-0.026630487665534018,0.007749926391988992,0.0,0.17018495351076127,-0.29243970811367037,-0.3253847658634186,-0.05807517096400261
1740,14.5625,-1.3330667614936829,-0.026383816823363306,0.004923186358064413,0.0,0.17051143944263458,-0.2894933849573135,-0.30505090951919556,-0.05060672014951706
1750,20.625,-1.0336590707302094,-0.021529490873217583,0.013599725067615509,0.0,0.17142369151115416,-0.2783550590276718,-0.2816849946975708,-0.05245668813586235
1760,21.1875,-1.1371992826461792,-0.02400500699877739,0.006382154580205679,0.0,0.16956219524145127,-0.293513885140419,-0.28339576721191406,-0.0646754801273346
1770,20.3125,-1.0647712349891663,-0.027076256275177003,0.013080422580242158,0.0,0.16928472518920898,-0.3002413630485535,-0.3457472324371338,-0.049983181059360504
1780,15.75,-1.2343969941139221,-0.026225427538156508,0.00597044201567769,0.0,0.16926003694534303,-0.2848358482122421,-0.28836292028427124,-0.062139324843883514
1790,17.8125,-0.9318307638168335,-0.026991378888487814,0.020742619782686232,0.0,0.16921978443861008,-0.29043298661708833,-0.26229357719421387,-0.060721419751644135
1800,15.6875,-1.0208770632743835,-0.028403295390307903,0.005593655072152615,0.0,0.1701142132282257,-0.27886770069599154,-0.254112184047699,-0.054734546691179276
1810,21.9375,-0.8394360840320587,-0.02454114705324173,0.005354333110153675,0.0,0.1714017242193222,-0.28971620500087736,-0.2727386951446533,-0.058189988136291504
1820,12.625,-1.1208691596984863,-0.022023705765604973,0.005230314563959837,0.0,0.17064817547798156,-0.30008241832256316,-0.2695910930633545,-0.046278346329927444
1830,13.25,-1.1409634947776794,-0.029811164550483226,0.009090280532836914,0.0,0.17197007387876512,-0.3005732804536819,-0.3079129457473755,-0.04827888309955597
1840,15.5625,-0.9332047998905182,-0.021414330042898656,0.008754117041826248,0.0,0.17345565408468247,-0.2922302156686783,-0.2690390944480896,-0.05654288828372955
1850,18.875,-0.9249939024448395,-0.02697436809539795,0.004280354734510184,0.0,0.17325695753097534,-0.2909575879573822,-0.2550758123397827,-0.05451420694589615
1860,16.25,-1.1454873085021973,-0.024578474462032318,0.0048103779554367065,0.0,0.1720517694950104,-0.29671604335308077,-0.30952054262161255,-0.0560196116566658
1870,12.75,-1.1354507803916931,-0.022284478507936002,0.005141489859670401,0.0,0.17233780175447463,-0.31202023923397065,-0.29000192880630493,-0.05601145699620247
1880,18.5,-0.8461400866508484,-0.023717644345015287,0.007912206090986728,0.0,0.17362193316221236,-0.30948548913002016,-0.2916122078895569,-0.0524124950170517
1890,21.375,-0.571081817150116,-0.026281895115971565,0.0026396448723971845,0.0,0.1747319743037224,-0.30031090676784516,-0.31400027871131897,-0.05800039693713188
1900,19.0,-0.8322489559650421,-0.025255173072218896,0.003997588856145739,0.0,0.17539396286010742,-0.2979716777801514,-0.2652871012687683,-0.050936684012413025
1910,17.375,-1.2611020803451538,-0.027106134314090015,0.006732598412781954,0.0,0.1766999453306198,-0.30318436622619627,-0.3542127013206482,-0.05107714235782623
1920,15.75,-1.1315523386001587,-0.020097773894667624,0.011151321791112423,0.0,0.17738380432128906,-0.29495195746421815,-0.2852174937725067,-0.05228699743747711
1930,13.0625,-1.1318010687828064,-0.0271382138133049,0.010418446734547615,0.0,0.1776570349931717,-0.2940221816301346,-0.28274601697921753,-0.05640072375535965
1940,13.875,-1.0327129364013672,-0.02222390417009592,0.016580250672996046,0.0,0.17949434965848923,-0.28926151990890503,-0.2864202558994293,-0.046506453305482864
1950,20.1875,-0.668082058429718,-0.020746487379074096,0.013556271232664585,0.0,0.17655360400676728,-0.2825592905282974,-0.3171282410621643,-0.05706577003002167
1960,13.0,-1.2234389185905457,-0.024817781150341035,0.010427682101726532,0.0,0.1773325115442276,-0.29162160158157346,-0.2798953652381897,-0.050123609602451324
1970,19.625,-0.743859738111496,-0.026144667714834213,0.011493717133998872,0.0,0.17739201486110687,-0.2993367314338684,-0.27876439690589905,-0.05425214767456055
1980,15.75,-0.9521766006946564,-0.026385144516825675,0.0062456723302602764,0.0,0.17863888740539552,-0.28556040227413176,-0.3186747133731842,-0.04619452729821205
1990,17.875,-0.748936265707016,-0.0241581454873085,0.004337507905438543,0.0,0.17844526767730712,-0.2843904495239258,-0.29646551609039307,-0.04289943352341652
2000,21.3125,-0.5434631854295731,-0.026754595525562763,0.010222250409424306,0.0,0.17994686365127563,-0.2920427590608597,-0.2640243172645569,-0.053494930267333984
2010,17.4375,-1.0437151193618774,-0.02376852575689554,0.004857549257576465,0.0,0.1807164028286934,-0.3013414412736893,-0.2963571548461914,-0.05792215093970299
2020,15.25,-0.9452839195728302,-0.02934015914797783,0.005745964031666518,0.0,0.17916277647018433,-0.29569598734378816,-0.31230801343917847,-0.03850758075714111
2030,20.75,-0.8299906849861145,-0.030449769273400307,0.008209650777280331,0.0,0.17832253575325013,-0.2872193455696106,-0.24989020824432373,-0.06354984641075134
2040,15.0625,-0.851680189371109,-0.021268724650144576,0.007742289546877145,0.0,0.17817348390817642,-0.29536557495594024,-0.30088773369789124,-0.05541735887527466
2050,18.375,-1.0434052348136902,-0.027800549939274787,0.004124800721183419,0.0,0.17800071090459824,-0.2879973828792572,-0.2969292998313904,-0.05823764204978943
2060,15.875,-1.1372061371803284,-0.02780691348016262,0.009497862681746483,0.0,0.1793153166770935,-0.2945515692234039,-0.29607802629470825,-0.054931461811065674
2070,21.125,-0.9295470118522644,-0.025621296465396882,0.00769606614485383,0.0,0.18037386387586593,-0.2928732052445412,-0.2657596468925476,-0.05370859056711197
2080,18.875,-0.9547082185745239,-0.028994941711425783,0.005271747056394815,0.0,0.18003466725349426,-0.2813504785299301,-0.31557559967041016,-0.05317917466163635
2090,15.8125,-0.8358319997787476,-0.03223233222961426,0.007454907801002264,0.0,0.17959408611059188,-0.28507994413375853,-0.2722371816635132,-0.05276041477918625
2100,15.9375,-1.1346606612205505,-0.028097927570343018,0.006854513194411993,0.0,0.18056401163339614,-0.28840104639530184,-0.29166126251220703,-0.0539553239941597
2110,15.125,-1.0434914529323578,-0.030066540092229845,0.006494247913360595,0.0,0.18283212035894394,-0.27544623166322707,-0.30050867795944214,-0.05393122136592865
2120,16.0625,-0.9402588307857513,-0.031054840236902238,0.006287525594234467,0.0,0.18273739367723466,-0.28020107448101045,-0.28731298446655273,-0.05334540456533432
2130,13.3125,-1.0237863063812256,-0.02609815066680312,0.009236343763768673,0.0,0.18251532018184663,-0.28175772428512574,-0.2649177312850952,-0.051336564123630524
2140,15.875,-1.119205892086029,-0.028880201280117035,0.00666933748871088,0.0,0.1834382653236389,-0.2699481874704361,-0.259262353181839,-0.056155793368816376
2150,20.0625,-0.8198734819889069,-0.02463056184351444,0.006913696229457855,0.0,0.1831022471189499,-0.2657138004899025,-0.2477944940328598,-0.04525938630104065
2160,15.75,-1.1093875765800476,-0.02869150247424841,0.007301957998424769,0.0,0.18564019948244095,-0.28346594870090486,-0.26869648694992065,-0.02187790907919407
2170,13.0,-1.123559057712555,-0.021923579182475804,0.005075455456972122,0.0,0.1858885705471039,-0.26663187742233274,-0.2700693607330322,-0.0536842867732048
2180,14.5625,-1.196818232536316,-0.021731675881892443,0.027811706066131592,0.0,0.18542538285255433,-0.27012441456317904,-0.2915409803390503,0.01358184963464737
2190,12.875,-1.2370188236236572,-0.025327703543007375,0.009170186147093773,0.0,0.185457643866539,-0.2803180396556854,-0.28848421573638916,-0.06941676884889603
2200,12.875,-1.2496416568756104,-0.021913858689367773,0.010907783731818199,0.0,0.18412042260169983,-0.2869781285524368,-0.34236738085746765,-0.041567426174879074
2210,20.25,-0.9549182057380676,-0.02802618071436882,0.014342162385582924,0.0,0.18352558463811874,-0.2898177683353424,-0.3252981901168823,-0.0463348925113678
2220,16.25,-1.0155501067638397,-0.022232818603515624,0.004627357795834541,0.0,0.18544208258390427,-0.27954201996326444,-0.24845033884048462,-0.052163299173116684
2230,23.25,-0.6283639371395111,-0.025432443246245384,0.01715732626616955,0.0,0.18531426936388015,-0.27441741824150084,-0.2381099909543991,-0.05245630070567131
2240,15.6875,-0.9538732469081879,-0.028894201666116715,0.00844030249863863,0.0,0.18478308767080306,-0.28474372923374175,-0.3127618432044983,-0.05760091543197632
2250,15.1875,-1.1375531554222107,-0.025817015022039414,0.008162131067365408,0.0,0.18679242730140685,-0.29647376835346223,-0.29873126745224,-0.05227023363113403
2260,19.0,-0.9367122650146484,-0.023761602025479077,0.006022971216589212,0.0,0.1880981743335724,-0.30366485714912417,-0.27740025520324707,-0.0560612715780735
2270,18.5,-0.7406795024871826,-0.025245771557092667,0.006519698072224855,0.0,0.1888950288295746,-0.2895751357078552,-0.2815869450569153,-0.0465238094329834
2280,24.375,-0.824868381023407,-0.023266989551484586,0.031827754154801366,0.0,0.18888961970806123,-0.29246716052293775,-0.3138633966445923,0.011325333267450333
2290,19.125,-0.855961799621582,-0.02928699217736721,0.005138126295059919,0.0,0.18996669799089433,-0.28876077830791474,-0.3050888776779175,-0.05969903618097305
2300,13.9375,-0.9423661828041077,-0.019685456715524196,0.007002858631312847,0.0,0.1920099213719368,-0.29304239749908445,-0.2827952802181244,-0.06395993381738663
2310,20.1875,-0.9214468598365784,-0.028165829926729204,0.02858003005385399,0.0,0.1895182713866234,-0.3025329947471619,-0.3048301935195923,0.0008428911678493023
2320,16.25,-1.1157561540603638,-0.030271268263459206,0.032109066098928454,0.0,0.19094772189855574,-0.3042649745941162,-0.2930774688720703,-0.014225969091057777
2330,20.625,-0.6479600667953491,-0.026064150407910346,0.014878222905099391,0.0,0.19202674329280853,-0.27349465489387514,-0.2729671001434326,-0.06056495010852814
2340,16.9375,-1.1311722993850708,-0.027087028324604034,0.012260187231004239,0.0,0.19110098034143447,-0.28966776728630067,-0.2816266417503357,-0.05808502063155174
2350,20.25,-0.8597949743270874,-0.031847317889332774,0.0058894393034279345,0.0,0.1915423959493637,-0.30075555145740507,-0.31091365218162537,-0.06261295825242996
2360,14.5,-0.8708854615688324,-0.02508587744086981,0.007853199634701014,0.0,0.19204843789339066,-0.30671311616897584,-0.3376349210739136,-0.05753114074468613
2370,15.5625,-0.9547070264816284,-0.02767836730927229,0.005276223178952932,0.0,0.1926186665892601,-0.2897034496068954,-0.32498183846473694,-0.045116961002349854
2380,16.1875,-1.2359184622764587,-0.02625229824334383,0.005712942220270634,0.0,0.19199291616678238,-0.29205823987722396,-0.2989833354949951,-0.05777917802333832
2390,13.6875,-1.2582981586456299,-0.027849695086479186,0.005827449914067984,0.0,0.19467424005270004,-0.29382047355175017,-0.3429090976715088,-0.05856216698884964
2400,19.5625,-1.0363244414329529,-0.023254639096558095,0.004276690538972616,0.0,0.19566075056791304,-0.28463506102561953,-0.28533533215522766,-0.056918591260910034
2410,18.1875,-1.1253151893615723,-0.02517919521778822,0.010751710459589957,0.0,0.19658962786197662,-0.29312571287155154,-0.2720932960510254,-0.05623013153672218
2420,18.0,-0.9716185331344604,-0.026644210889935495,0.009349224157631397,0.0,0.1968527168035507,-0.31344138383865355,-0.34512147307395935,-0.058994993567466736
2430,18.75,-0.8168230354785919,-0.024955579452216624,0.01172051541507244,0.0,0.19737410098314284,-0.29775809347629545,-0.2588311433792114,-0.029009852558374405
2440,22.25,-1.0576906204223633,-0.0255322877317667,0.003800504049286246,0.0,0.1961645945906639,-0.2862387776374817,-0.3350687623023987,-0.05005849152803421
2450,24.1875,-0.7396375238895416,-0.026739579904824496,0.008200469333678484,0.0,0.19641295969486236,-0.2945119857788086,-0.2678610682487488,-0.05789843201637268
2460,19.5,-0.6433233022689819,-0.022450175136327744,0.0045600151643157005,0.0,0.19652391225099564,-0.2944016635417938,-0.2839375138282776,-0.04148219898343086
2470,17.6875,-0.933622807264328,-0.02354613272473216,0.006039408687502146,0.0,0.19787769466638566,-0.2984195172786713,-0.27363935112953186,-0.055406928062438965
2480,17.125,-0.7755326628684998,-0.026253321394324302,0.006573355849832296,0.0,0.1988523781299591,-0.2967211022973061,-0.33051881194114685,-0.06301069259643555
2490,18.25,-1.2290895581245422,-0.03388449139893055,0.011329472623765468,0.0,0.19714594781398773,-0.28048846274614336,-0.29236289858818054,-0.05078675597906113
2500,19.5625,-0.9506969451904297,-0.031219061091542245,0.012983535416424274,0.0,0.20050783604383468,-0.2814318537712097,-0.30756208300590515,-0.05409533530473709
2510,18.375,-0.9363891184329987,-0.028443503007292748,0.006142299342900515,0.0,0.19967744648456573,-0.29422359764575956,-0.2816290557384491,-0.05336867272853851
2520,19.9375,-0.745255321264267,-0.027022356539964675,0.010263358056545258,0.0,0.20244854241609572,-0.2924399018287659,-0.2872140407562256,-0.04981492832303047
2530,19.8125,-0.8363470435142517,-0.024703584611415863,0.004449686501175165,0.0,0.2001439318060875,-0.27620369791984556,-0.27268072962760925,-0.053934477269649506
2540,16.4375,-0.9567802846431732,-0.030392684787511826,0.009042567946016789,0.0,0.20046636760234832,-0.2832395911216736,-0.32891345024108887,-0.045748282223939896
2550,20.0,-1.1208710670471191,-0.02570767141878605,0.008711409009993076,0.0,0.20079768300056458,-0.28442941308021547,-0.2705869674682617,-0.04893339425325394
2560,15.0,-1.2335410714149475,-0.0326593853533268,0.008252932503819466,0.0,0.201692196726799,-0.2969088524580002,-0.298736572265625,-0.054318420588970184
2570,15.75,-0.8574270308017731,-0.023598039336502553,0.0057215607725083825,0.0,0.20089508593082428,-0.2987530052661896,-0.3141995668411255,-0.05460967868566513
2580,18.3125,-0.9184530675411224,-0.02657056674361229,0.0058448418974876406,0.0,0.202070015668869,-0.2668662339448929,-0.24776248633861542,-0.05183466523885727
2590,18.8125,-0.9173302054405212,-0.026795941218733788,0.0066221699118614195,0.0,0.2029970496892929,-0.2930146425962448,-0.25243866443634033,-0.044527046382427216
2600,20.5,-0.9305481910705566,-0.022160379216074944,0.009862224012613297,0.0,0.20123007744550706,-0.2844217836856842,-0.269371896982193,-0.05333904176950455
2610,24.75,-0.5459376871585846,-0.02673163581639528,0.006756715010851622,0.0,0.2045235216617584,-0.29394675344228743,-0.26564425230026245,-0.05741322785615921
2620,25.1875,-0.45766718685626984,-0.027065596915781497,0.009354282170534134,0.0,0.20398886352777482,-0.29291855692863467,-0.2835092544555664,-0.05409473553299904
2630,26.75,-0.6453215777873993,-0.03025111984461546,0.007931051962077617,0.0,0.20198615938425063,-0.2969055026769638,-0.2748517096042633,-0.055423006415367126
2640,16.4375,-0.9337671399116516,-0.024743318744003772,0.0076406682841479775,0.0,0.20164436250925064,-0.29458962976932523,-0.27474871277809143,-0.05558459460735321
2650,22.875,-0.9644253551959991,-0.02648094519972801,0.011504078283905983,0.0,0.20382125526666642,-0.2977066397666931,-0.33708155155181885,-0.05288626253604889
2660,25.9375,-0.8432930111885071,-0.02580862306058407,0.008848586399108172,0.0,0.20290983021259307,-0.28911859095096587,-0.2846393585205078,-0.05700821429491043
2670,20.5625,-1.022394061088562,-0.02883799932897091,0.004992146231234074,0.0,0.20451540052890776,-0.28280544728040696,-0.26397961378097534,-0.05212262645363808
2680,16.1875,-1.0457113087177277,-0.02951435074210167,0.0068573799915611746,0.0,0.2065520018339157,-0.2943505644798279,-0.3122386932373047,-0.04954097047448158
2690,25.5625,-0.5251148790121078,-0.024809519574046136,0.017793361470103262,0.0,0.20711258947849273,-0.2823141187429428,-0.2799762487411499,-0.0017629391513764858
2700,19.0,-0.9491855502128601,-0.021677013486623764,0.004769935831427574,0.0,0.20774035006761551,-0.30728400945663453,-0.307422399520874,-0.05304768308997154
2710,22.0,-0.6581780314445496,-0.025855823792517184,0.006379820220172405,0.0,0.20880248993635178,-0.28219192922115327,-0.29205238819122314,-0.06388910114765167
2720,16.6875,-1.027567446231842,-0.026337660476565362,0.006097141001373529,0.0,0.2100997045636177,-0.2881393492221832,-0.2734934389591217,-0.052670758217573166
2730,18.375,-0.9246688187122345,-0.02766153272241354,0.009758835285902023,0.0,0.21030517667531967,-0.28254019618034365,-0.26524612307548523,-0.046906378120183945
2740,19.9375,-1.2327135801315308,-0.028263193927705287,0.0036004224792122843,0.0,0.21075984686613083,-0.29019100666046144,-0.30704671144485474,-0.04503188282251358
2750,19.125,-0.9531274437904358,-0.024977999553084374,0.006313287746161222,0.0,0.211017245054245,-0.2901377022266388,-0.3204299211502075,-0.04758749157190323
2760,26.75,-0.7635657489299774,-0.024658116698265075,0.006945291627198457,0.0,0.21260894238948821,-0.3001470535993576,-0.319131076335907,-0.05538375675678253
2770,14.1875,-1.4262638688087463,-0.02943284846842289,0.007420780137181282,0.0,0.2153892010450363,-0.3013846978545189,-0.3112781345844269,-0.04286063462495804
2780,19.375,-1.1355554461479187,-0.023041032254695892,0.008492774050682782,0.0,0.2152564913034439,-0.2805322051048279,-0.29413318634033203,-0.055171653628349304
2790,24.6875,-0.6372282207012177,-0.02562049888074398,0.009153626672923566,0.0,0.21533263921737672,-0.29643934965133667,-0.28864938020706177,-0.025542058050632477
2800,19.5,-1.0440483689308167,-0.03223019987344742,0.00803294638171792,0.0,0.21357170343399048,-0.2885071009397507,-0.3093886971473694,-0.04788501560688019
2810,23.125,-0.5698781162500381,-0.02290499359369278,0.0065534008666872975,0.0,0.21472337543964387,-0.3075147569179535,-0.32544565200805664,-0.045827388763427734
2820,18.0625,-0.8332688808441162,-0.02075157016515732,0.009395263344049453,0.0,0.2139617159962654,-0.2875044226646423,-0.2696714997291565,-0.05193790793418884
2830,14.5625,-1.122929573059082,-0.02937701381742954,0.008655388094484805,0.0,0.21668362617492676,-0.29517006278038027,-0.26761674880981445,-0.05743759498000145
2840,16.875,-0.8383678197860718,-0.021069425716996194,0.010949909500777722,0.0,0.21755712181329728,-0.295168536901474,-0.2611698508262634,-0.0716516524553299
2850,18.0,-0.940453290939331,-0.028681983798742296,0.009851718693971634,0.0,0.21947311758995056,-0.28857415318489077,-0.2917550802230835,-0.05194573849439621
2860,26.375,-0.6758682429790497,-0.027931739389896394,0.03792578056454658,0.0,0.21912399679422379,-0.3056791812181473,-0.3310471773147583,-0.060552723705768585
2870,19.5,-0.9467801451683044,-0.0263005156069994,0.006123991776257753,0.0,0.2208033949136734,-0.2917218118906021,-0.3051520586013794,-0.0517788827419281
2880,16.3125,-0.9158452749252319,-0.028156406059861184,0.007483654096722603,0.0,0.2219475254416466,-0.2963171571493149,-0.24667057394981384,-0.04841950908303261
2890,14.0625,-1.0089462399482727,-0.02293082047253847,0.01580809261649847,0.0,0.22115564495325088,-0.30065326690673827,-0.2948605418205261,0.007045289035886526
2900,19.625,-0.9367566704750061,-0.023601071164011955,0.005863917898386717,0.0,0.22145692110061646,-0.30454552471637725,-0.28166598081588745,-0.055225662887096405
2910,19.8125,-0.8655975461006165,-0.027704748697578906,0.017972552590072154,0.0,0.22469212412834166,-0.3005888223648071,-0.33358338475227356,-0.050737008452415466
2920,24.0625,-0.7529207170009613,-0.0258637398481369,0.005632564704865217,0.0,0.2259776324033737,-0.28732892870903015,-0.30027055740356445,-0.05280662700533867
2930,15.0625,-1.1371915936470032,-0.019653842225670813,0.004089559148997069,0.0,0.22438078820705415,-0.2925182968378067,-0.2967347204685211,-0.0576518289744854
2940,15.0625,-1.0321653485298157,-0.024533864855766297,0.008754228614270687,0.0,0.22606331408023833,-0.30726407170295716,-0.30824315547943115,-0.02704644203186035
2950,22.8125,-0.5379529446363449,-0.025424455851316453,0.007945652306079864,0.0,0.22666915953159333,-0.29019280672073366,-0.25673341751098633,-0.05174356326460838
2960,21.9375,-0.7401977181434631,-0.031128848902881145,0.004941102862358093,0.0,0.22886184155941008,-0.28557223081588745,-0.271136075258255,-0.05673295632004738
2970,24.1875,-0.5575327575206757,-0.030687998235225677,0.007159835565835238,0.0,0.22750682085752488,-0.30346763134002686,-0.29054510593414307,-0.05619969964027405
2980,22.0,-0.8448708057403564,-0.02218643743544817,0.008642463013529778,0.0,0.22673506587743758,-0.29317237734794616,-0.29886573553085327,-0.04557356983423233
2990,20.125,-0.7431796789169312,-0.02961320225149393,0.006537122931331396,0.0,0.22852869480848312,-0.2919665202498436,-0.29018887877464294,-0.043437324464321136
3000,24.75,-0.8327562212944031,-0.026846813783049584,0.023997293040156364,0.0,0.2286806434392929,-0.2869695544242859,-0.30220475792884827,-0.020172422751784325
3010,20.9375,-0.8448481857776642,-0.023965913616120816,0.010843705385923386,0.0,0.22908271700143815,-0.26939187943935394,-0.28489333391189575,-0.060966525226831436
3020,23.125,-0.8548060655593872,-0.026974586956202983,0.005633449088782072,0.0,0.23033896684646607,-0.2871269717812538,-0.3110255002975464,-0.05572687089443207
3030,13.9375,-1.2123408317565918,-0.0219029676169157,0.006991880387067795,0.0,0.23070081770420076,-0.2832179695367813,-0.26667311787605286,-0.04525378718972206
3040,20.75,-0.6522059142589569,-0.02867709770798683,0.00997856017202139,0.0,0.2304505541920662,-0.289885488152504,-0.2871316969394684,-0.05745834484696388
3050,23.1875,-0.914695143699646,-0.027818546444177628,0.012974375300109387,0.0,0.231099870800972,-0.27875889241695406,-0.2884577512741089,-0.005474221892654896
3060,18.75,-1.0401751101016998,-0.031120386347174643,0.015235865488648415,0.0,0.23100381940603257,-0.2926454126834869,-0.29805999994277954,-0.0526803582906723
3070,19.9375,-0.724441796541214,-0.029043351486325263,0.01675545871257782,0.0,0.23232005387544633,-0.2836836606264114,-0.2592524290084839,-0.03854864835739136
3080,22.125,-0.6151545494794846,-0.02628505155444145,0.015791284292936324,0.0,0.23248405009508133,-0.28011358082294463,-0.25827914476394653,-0.011891519650816917
3090,19.625,-0.8363780081272125,-0.030151621624827384,0.016262304037809372,0.0,0.23376136869192124,-0.2937878996133804,-0.27740636467933655,-0.051027581095695496
3100,23.1875,-0.7379249036312103,-0.0276745717972517,0.006161286775022745,0.0,0.23377302587032317,-0.2873097449541092,-0.2607528567314148,-0.06322402507066727
3110,23.25,-0.7479662597179413,-0.032387711107730865,0.0076061970554292205,0.0,0.23414384126663207,-0.2946046829223633,-0.293819785118103,-0.04947354644536972
3120,25.0625,-0.43161338567733765,-0.028234288468956946,0.005713259521871805,0.0,0.23414209634065627,-0.28739722073078156,-0.23255212604999542,-0.05469682812690735
3130,23.125,-0.642492800951004,-0.02680629286915064,0.008220998663455248,0.0,0.23672155439853668,-0.2863700032234192,-0.2750052809715271,-0.05017324537038803
3140,19.625,-0.8248492479324341,-0.02935182601213455,0.00983540527522564,0.0,0.23522188812494277,-0.2849391669034958,-0.25284260511398315,-0.05065367370843887
3150,16.6875,-0.8359661102294922,-0.03158115968108177,0.01054337602108717,0.0,0.23389542251825332,-0.27737623304128645,-0.277815580368042,-0.04676666855812073
3160,16.4375,-1.0281721949577332,-0.028713581524789332,0.011412136629223824,0.0,0.23571761399507524,-0.27761891931295396,-0.2638993561267853,-0.06298395246267319
3170,24.6875,-0.8304741680622101,-0.02812889441847801,0.009121226519346238,0.0,0.23712359815835954,-0.2796889588236809,-0.26096051931381226,-0.05484483391046524
3180,18.1875,-1.2188898921012878,-0.029682748951017857,0.019637906923890114,0.0,0.23672411888837813,-0.3004497766494751,-0.31223785877227783,-0.005735602229833603
3190,20.1875,-0.8323875665664673,-0.023165255412459375,0.007795358914881945,0.0,0.2372722342610359,-0.2858462452888489,-0.26027005910873413,-0.05874204635620117
3200,21.25,-0.9478980898857117,-0.037042418122291566,0.015421654842793942,0.0,0.23713685870170592,-0.2953287988901138,-0.305693119764328,-0.05284646898508072
3210,20.25,-0.6556582748889923,-0.0310057433322072,0.016425270400941373,0.0,0.23926178514957427,-0.29246302545070646,-0.2955620586872101,-0.05538337305188179
3220,23.125,-0.8515603542327881,-0.027565494924783707,0.010821672342717647,0.0,0.24125667959451674,-0.29447599351406095,-0.2949984073638916,-0.06363555788993835
3230,21.25,-0.841737300157547,-0.031025534495711327,0.006160455569624901,0.0,0.24142489582300186,-0.2863438487052917,-0.2878376245498657,-0.05121288448572159
3240,19.0625,-0.7146539986133575,-0.02950652688741684,0.012092401646077633,0.0,0.24116948544979094,-0.2924784630537033,-0.22914466261863708,-0.044355474412441254
3250,20.3125,-0.9206742942333221,-0.022421421483159065,0.009289244189858437,0.0,0.24329337775707244,-0.2873879551887512,-0.2492944598197937,-0.05540597066283226
3260,19.3125,-0.7250112295150757,-0.027332507632672788,0.01874360479414463,0.0,0.24340981394052505,-0.3017487466335297,-0.2927379012107849,-0.004290748853236437
3270,17.75,-0.7466167509555817,-0.030878259614109994,0.014571857638657093,0.0,0.2436860203742981,-0.2977833658456802,-0.2840224802494049,-0.05767771974205971
3280,22.125,-0.4540899991989136,-0.029473046027123927,0.008242181781679393,0.0,0.24485326558351517,-0.2862001612782478,-0.27478453516960144,-0.057146262377500534
3290,27.375,-0.8471977412700653,-0.03018491305410862,0.009280752018094062,0.0,0.24591331779956818,-0.2937562972307205,-0.30074620246887207,-0.0486866757273674
3300,16.3125,-1.1107624769210815,-0.031954222545027736,0.009343052469193935,0.0,0.24638995826244353,-0.2836350560188293,-0.2530544400215149,-0.048199884593486786
3310,22.5,-0.7454714179039001,-0.03276378512382507,0.007949674595147371,0.0,0.24847416579723358,-0.29617986381053923,-0.2971705496311188,-0.04042784497141838
3320,22.9375,-0.840697854757309,-0.030299621075391768,0.007558782026171685,0.0,0.24711185097694396,-0.28878027349710467,-0.28556400537490845,-0.050039492547512054
3330,18.125,-0.9414851069450378,-0.036240661330521104,0.012755272909998894,0.0,0.2471775695681572,-0.2829600930213928,-0.3033921718597412,-0.04112279787659645
3340,22.4375,-0.8671121597290039,-0.028415851667523383,0.008533991686999799,0.0,0.24786284267902375,-0.28826352059841154,-0.33344584703445435,-0.05537489056587219
3350,18.375,-0.9467889666557312,-0.02862735353410244,0.006096441764384508,0.0,0.2492770478129387,-0.2980611115694046,-0.306682288646698,-0.04975903779268265
3360,23.875,-0.7688692808151245,-0.025832019560039044,0.008085048478096723,0.0,0.24878107011318207,-0.2915586203336716,-0.3250455856323242,-0.05978209897875786
3370,24.625,-0.5806410014629364,-0.02531253211200237,0.006048561446368695,0.0,0.2472020670771599,-0.2989599943161011,-0.3451908826828003,-0.04693763703107834
3380,25.4375,-0.5494338274002075,-0.027306451462209225,0.006934417132288218,0.0,0.2491608217358589,-0.2937970727682114,-0.28294825553894043,-0.047611430287361145
3390,23.0,-0.7473405003547668,-0.028818050771951674,0.005752083752304316,0.0,0.24874613732099532,-0.30552170276641843,-0.2828645706176758,-0.05918138846755028
3400,26.625,-0.5743017345666885,-0.026236115396022795,0.004747998528182506,0.0,0.2482048213481903,-0.29914309084415436,-0.3433299660682678,-0.037191540002822876
3410,22.375,-0.6408472061157227,-0.02303155930712819,0.015347928181290627,0.0,0.2475779578089714,-0.30033471882343293,-0.29928961396217346,-0.02212180569767952
3420,21.0625,-1.0528723895549774,-0.034179205913096665,0.0044324020855128765,0.0,0.24847332537174224,-0.29860984086990355,-0.3178420066833496,-0.059888094663619995
3430,24.0625,-0.824745237827301,-0.03361001219600439,0.007373352814465761,0.0,0.2498561277985573,-0.2944145679473877,-0.2577561140060425,-0.04622151702642441
3440,24.25,-1.0798304080963135,-0.031812391430139544,0.013376201316714287,0.0,0.24977794736623765,-0.30210836231708527,-0.37218403816223145,-0.05958806723356247
3450,26.3125,-0.7823155522346497,-0.028056448698043822,0.010372776351869107,0.0,0.2537408471107483,-0.3049036294221878,-0.35848507285118103,-0.05195945128798485
3460,25.625,-0.7427257299423218,-0.028222065046429635,0.007207513600587845,0.0,0.2557850569486618,-0.2992004662752151,-0.2788350582122803,-0.054019056260585785
3470,15.75,-1.0243408381938934,-0.0276002936065197,0.015465554408729076,0.0,0.2546102195978165,-0.2920755326747894,-0.26497095823287964,-0.05526120215654373
3480,24.0,-0.6513493061065674,-0.029881270974874495,0.00797575544565916,0.0,0.2556432008743286,-0.28644810914993285,-0.2861420512199402,-0.05637091398239136
3490,23.25,-1.026710957288742,-0.03067177701741457,0.008180012460798025,0.0,0.25427506268024447,-0.2857889741659164,-0.26978766918182373,-0.055184103548526764
3500,20.875,-0.8630289137363434,-0.031056062132120133,0.008519576769322157,0.0,0.25617413520812987,-0.3110135138034821,-0.3252202570438385,-0.056134872138500214
3510,13.6875,-1.265351951122284,-0.03295101784169674,0.015487819351255894,0.0,0.25610262900590897,-0.29093366414308547,-0.37069475650787354,-0.0441124252974987
3520,19.875,-0.9488279521465302,-0.03487929068505764,0.0061879239045083525,0.0,0.2587457686662674,-0.2938961014151573,-0.3025569021701813,-0.059941504150629044
3530,28.9375,-0.44926342368125916,-0.025440009869635107,0.007962904591113328,0.0,0.26071650683879855,-0.27882631570100785,-0.2757188379764557,-0.04628358036279678
3540,20.0625,-1.0636019706726074,-0.035414600372314455,0.012242699414491654,0.0,0.2601940751075745,-0.2830623954534531,-0.3375295400619507,-0.05931448936462402
3550,19.625,-1.0293853878974915,-0.029167576879262924,0.006721281446516514,0.0,0.2595078706741333,-0.27609137892723085,-0.2723488211631775,-0.05785199999809265
3560,23.9375,-0.4628017991781235,-0.030383510142564775,0.011971016228199006,0.0,0.26352359652519225,-0.28490352630615234,-0.29779788851737976,-0.051961638033390045
3570,28.25,-0.6409202516078949,-0.022405311465263367,0.00764469075948,0.0,0.2613276720046997,-0.27270429879426955,-0.26212412118911743,-0.0595058873295784
3580,18.625,-1.025375247001648,-0.03275178372859955,0.01099939327687025,0.0,0.2606624513864517,-0.2858316272497177,-0.2778979241847992,-0.04125373810529709
3590,18.5625,-0.9244296550750732,-0.02629232183098793,0.0098214253783226,0.0,0.2637203335762024,-0.28325227499008176,-0.26197758316993713,-0.05062796175479889
3600,15.875,-0.9350112080574036,-0.028080011904239654,0.01066766306757927,0.0,0.2645341962575912,-0.28342764377593993,-0.2816891372203827,-0.05278891697525978
3610,19.375,-0.8580959737300873,-0.026391728967428207,0.005779712833464146,0.0,0.26692902743816377,-0.2924596756696701,-0.31481337547302246,-0.057653822004795074
3620,25.875,-0.6594639420509338,-0.02566239647567272,0.0049919052049517635,0.0,0.26747640371322634,-0.29323979318141935,-0.30183279514312744,-0.05698594078421593
3630,20.875,-0.858096718788147,-0.029449387080967428,0.006839215476065874,0.0,0.2654014080762863,-0.2968395441770554,-0.31394994258880615,-0.05839089676737785
3640,19.5,-1.1054431796073914,-0.029270107205957175,0.009231103025376797,0.0,0.26699812412261964,-0.29423423409461974,-0.2755809426307678,-0.01574162393808365
3650,17.5625,-1.2426279187202454,-0.02803666442632675,0.011849901638925076,0.0,0.2669398754835129,-0.2832487225532532,-0.30865269899368286,-0.06482649594545364
3660,23.9375,-0.7442009449005127,-0.025634698569774628,0.009942295774817467,0.0,0.2673183739185333,-0.2886307746171951,-0.269787073135376,-0.0676550418138504
3670,23.6875,-0.6278236508369446,-0.03220804128795862,0.005334015004336834,0.0,0.2668682634830475,-0.2746787503361702,-0.24887534976005554,-0.047097139060497284
3680,25.375,-0.92299485206604,-0.026508128829300405,0.004420442692935467,0.0,0.2689823120832443,-0.28523714989423754,-0.24574731290340424,-0.06393870711326599
3690,26.625,-0.5575408190488815,-0.027777762711048128,0.004863948747515679,0.0,0.27013320922851564,-0.27696451395750044,-0.2839154303073883,-0.06367760896682739
3700,20.9375,-1.039665549993515,-0.03546604961156845,0.00866433084011078,0.0,0.2720474302768707,-0.2930115610361099,-0.2998007535934448,-0.052013471722602844
3710,32.125,-0.44384802877902985,-0.028839894756674766,0.005033814162015915,0.0,0.2720858156681061,-0.27864807546138765,-0.2489594966173172,-0.06292352080345154
3720,22.75,-0.73915696144104,-0.030051860585808755,0.006135782320052385,0.0,0.27517137229442595,-0.2841577112674713,-0.2739042639732361,-0.0528680756688118
3730,18.625,-0.9459612667560577,-0.028768299892544747,0.007731744274497032,0.0,0.2730876237154007,-0.27855890095233915,-0.30421340465545654,-0.051757730543613434
3740,22.875,-0.45838573575019836,-0.023707013949751853,0.008869967423379421,0.0,0.27556663751602173,-0.28806697130203246,-0.29321011900901794,-0.047798678278923035
3750,26.4375,-0.7548088431358337,-0.023332818783819674,0.007598780002444983,0.0,0.27763371765613554,-0.2788249060511589,-0.2925003170967102,-0.06567475199699402
3760,16.4375,-0.9121758341789246,-0.030004050955176352,0.008248343132436275,0.0,0.27751170098781586,-0.27632039934396746,-0.2423781305551529,-0.044525135308504105
3770,23.8125,-0.8300257921218872,-0.03065441260114312,0.01012983862310648,0.0,0.27852786183357237,-0.27803292870521545,-0.2602246403694153,-0.0563456192612648
3780,22.375,-0.5496691763401031,-0.0273658549413085,0.010896121338009834,0.0,0.27744951844215393,-0.2940469592809677,-0.3306419253349304,0.003518893150612712
3790,22.4375,-0.7247108817100525,-0.0313220988959074,0.00487230708822608,0.0,0.27642974853515623,-0.2704484283924103,-0.24419084191322327,-0.05342836678028107
3800,21.375,-0.8524890542030334,-0.033702786453068255,0.00673875417560339,0.0,0.2762983560562134,-0.28401980400085447,-0.3020302653312683,-0.05964063107967377
3810,19.75,-0.8253387212753296,-0.030720357224345206,0.01468610968440771,0.0,0.27799210250377654,-0.2800372242927551,-0.27815794944763184,-0.028310701251029968
3820,24.625,-0.9907814264297485,-0.03254399783909321,0.010381468757987022,0.0,0.2787546992301941,-0.29301280677318575,-0.3883439004421234,-0.06013467535376549
3830,22.4375,-0.8141762316226959,-0.028077450394630433,0.009484643861651421,0.0,0.2787540167570114,-0.2824484646320343,-0.29667723178863525,0.01158074103295803
3840,20.25,-0.9529195129871368,-0.03267795741558075,0.008710433728992939,0.0,0.28173882961273194,-0.29523608088493347,-0.30734968185424805,-0.062450043857097626
3850,26.875,-0.9604120254516602,-0.03088238127529621,0.00968214999884367,0.0,0.27976018786430357,-0.2909153401851654,-0.3240508437156677,-0.062178630381822586
3860,23.3125,-0.6518241763114929,-0.030316752195358277,0.009380374848842622,0.0,0.281829246878624,-0.28430032134056094,-0.29831641912460327,-0.04514423385262489
3870,22.5,-0.9401261806488037,-0.03274580910801887,0.009262810368090868,0.0,0.282844552397728,-0.2962300568819046,-0.29147231578826904,-0.05270037800073624
3880,21.5625,-0.6477447152137756,-0.033013885095715526,0.00983643177896738,0.0,0.28264491856098173,-0.2824972331523895,-0.27376896142959595,-0.06245921552181244
3890,24.0,-0.7234938442707062,-0.03181493766605854,0.015108907409012318,0.0,0.2846203953027725,-0.27587054669857025,-0.22817358374595642,-0.06772920489311218
3900,26.8125,-0.5625245869159698,-0.028430086001753806,0.004592396225780249,0.0,0.2835588216781616,-0.27668844163417816,-0.3027511537075043,-0.05419300124049187
3910,22.625,-0.7385276854038239,-0.03165734484791756,0.009276665188372136,0.0,0.28424041271209716,-0.2792301118373871,-0.2638798654079437,-0.06080987676978111
3920,16.625,-1.5132035613059998,-0.03154600039124489,0.012144124880433083,0.0,0.28355545103549956,-0.28113854825496676,-0.2841340899467468,-0.053593240678310394
3930,23.9375,-0.7565597295761108,-0.02429682817310095,0.006573985889554023,0.0,0.2856625407934189,-0.2949724480509758,-0.3059661090373993,-0.05512990802526474
3940,18.1875,-0.7342754900455475,-0.03043822180479765,0.014110418781638146,0.0,0.2874227225780487,-0.27992611527442934,-0.2629892826080322,-0.05409665405750275
3950,18.4375,-0.9025984108448029,-0.031912405788898465,0.02489923909306526,0.0,0.2861459493637085,-0.28929654955863954,-0.2631244659423828,-0.006243713200092316
3960,24.0,-0.8473255336284637,-0.030131678469479083,0.009676085598766804,0.0,0.2882751613855362,-0.26885459423065183,-0.3081827759742737,-0.044890642166137695
3970,24.125,-0.7385849058628082,-0.02715559247881174,0.006167770177125931,0.0,0.2883817106485367,-0.27533679604530337,-0.27142176032066345,-0.0531088188290596
3980,23.5,-0.8453201353549957,-0.027714572846889496,0.014072698168456554,0.0,0.2889023244380951,-0.28241201043128966,-0.2926548421382904,-0.05475814267992973
3990,28.25,-0.8561920523643494,-0.036556975543498994,0.005478167533874511,0.0,0.2885505884885788,-0.28461468666791917,-0.31822341680526733,-0.052336327731609344
4000,27.375,-0.5342889130115509,-0.030244810879230498,0.006605658121407032,0.0,0.2912026643753052,-0.2727533966302872,-0.24439755082130432,-0.05552348494529724
4010,25.8125,-0.8547447323799133,-0.03479515668004751,0.008357166685163975,0.0,0.29150926172733305,-0.28864306807518003,-0.3144526481628418,-0.052965838462114334
4020,19.4375,-0.8315803110599518,-0.03046530932188034,0.007358326110988855,0.0,0.29450537264347076,-0.27523424923419954,-0.2603952884674072,-0.05932503938674927
4030,22.75,-0.6259284019470215,-0.03045668751001358,0.00956096351146698,0.0,0.29396107494831086,-0.28247690498828887,-0.243705153465271,-0.04853006824851036
4040,24.5625,-0.5540443062782288,-0.03407723680138588,0.011403740383684635,0.0,0.294308066368103,-0.290860241651535,-0.2949075698852539,-0.04567807912826538
4050,24.375,-0.6356176435947418,-0.03340063132345676,0.015136567130684852,0.0,0.2952643781900406,-0.28130080699920657,-0.2601790428161621,-0.051538288593292236
4060,28.25,-0.3181181848049164,-0.02890307307243347,0.023540457338094713,0.0,0.2945996880531311,-0.2868561938405037,-0.2470177710056305,-0.005880496930330992
4070,26.8125,-0.8403991162776947,-0.02712892144918442,0.012879139930009841,0.0,0.2951939254999161,-0.2837331026792526,-0.28566688299179077,-0.05150754377245903
4080,26.3125,-0.5810326486825943,-0.02882731072604656,0.008845270611345768,0.0,0.29643588066101073,-0.2977248579263687,-0.3387131690979004,-0.05657858029007912
4090,29.125,-0.6708580851554871,-0.03311867918819189,0.017366155236959457,0.0,0.29503012299537656,-0.2907764196395874,-0.3223068118095398,-0.05977609008550644
4100,21.3125,-0.8180771172046661,-0.023944099619984626,0.011317694000899792,0.0,0.295388925075531,-0.3106570661067963,-0.2767898440361023,-0.012944819405674934
4110,20.375,-0.7463124096393585,-0.029695428162813186,0.01270056813955307,0.0,0.29841347634792326,-0.30746511220932005,-0.2869238555431366,-0.05539347976446152
4120,29.9375,-0.38222265243530273,-0.0309256374835968,0.009380228258669377,0.0,0.2994447320699692,-0.3120015412569046,-0.3140489459037781,-0.06699825823307037
4130,17.4375,-0.9277329444885254,-0.0323381569236517,0.00850942898541689,0.0,0.2969835788011551,-0.29228374660015105,-0.2732861042022705,-0.04669754207134247
4140,25.0625,-0.8521402776241302,-0.03228241242468357,0.011455656215548515,0.0,0.29857316613197327,-0.2979969084262848,-0.2975873351097107,-0.06476983428001404
4150,21.6875,-0.5732877254486084,-0.029640568792819975,0.007926534302532673,0.0,0.30100244879722593,-0.2912044882774353,-0.31524577736854553,-0.06463872641324997
4160,21.3125,-0.7855603694915771,-0.03356955274939537,0.011451448127627373,0.0,0.30106236040592194,-0.3048555999994278,-0.37000370025634766,-0.052095673978328705
4170,20.8125,-0.9701212346553802,-0.030667617544531824,0.005051319859921933,0.0,0.30311219990253446,-0.30211174488067627,-0.3516395688056946,-0.05626218020915985
4180,25.0,-0.5120687782764435,-0.032914135977625845,0.034937843680381775,0.0,0.30361863374710085,-0.29418603926897047,-0.2336074411869049,-0.022617075592279434
4190,22.9375,-0.5846641361713409,-0.032511867582798004,0.01699857022613287,0.0,0.304792708158493,-0.3094432413578033,-0.3400283455848694,-0.061729807406663895
4200,21.625,-0.9693924188613892,-0.030299142748117448,0.016660368628799917,0.0,0.30517351925373076,-0.3067556589841843,-0.34966206550598145,-0.05563167855143547
4210,19.5,-1.1235679388046265,-0.03130325842648744,0.015493476949632167,0.0,0.302741476893425,-0.2970409780740738,-0.2782834768295288,-0.051850441843271255
4220,24.1875,-0.7360095679759979,-0.03313245251774788,0.01577336248010397,0.0,0.3068350464105606,-0.30341731309890746,-0.27361199259757996,-0.04681778699159622
4230,25.5,-0.9485849142074585,-0.02842574827373028,0.013078615069389343,0.0,0.308368182182312,-0.30642819702625274,-0.3040097951889038,-0.05902457982301712
4240,22.75,-0.9550473988056183,-0.03108903132379055,0.005958847515285015,0.0,0.3077037572860718,-0.30979032516479493,-0.32492202520370483,-0.05249600112438202
4250,26.5,-0.5672790706157684,-0.029358845204114914,0.008979928866028785,0.0,0.30766279101371763,-0.29109136015176773,-0.3114944100379944,-0.055744752287864685
4260,26.1875,-0.5307130515575409,-0.024340197443962097,0.011796357668936252,0.0,0.3086600869894028,-0.2996305853128433,-0.2558489143848419,-0.0388631597161293
4270,21.4375,-0.4506271183490753,-0.027460399456322192,0.012489856220781803,0.0,0.3106277257204056,-0.31238304972648623,-0.2681427597999573,-0.05812198668718338
4280,27.0,-0.6282167732715607,-0.028924811631441116,0.010606293007731438,0.0,0.31146544218063354,-0.29693811386823654,-0.247688889503479,-0.04989580437541008
4290,38.0,-0.548250287771225,-0.031817967817187306,0.010025429725646972,0.0,0.3131422460079193,-0.28617198318243026,-0.26972025632858276,-0.058636538684368134
4300,20.3125,-0.8574860394001007,-0.029082668572664262,0.01610265374183655,0.0,0.31293073296546936,-0.2907955080270767,-0.3105469048023224,-0.06166031211614609
4310,27.0,-0.27584004402160645,-0.02894459217786789,0.01951959393918514,0.0,0.31254121363162995,-0.29654377698898315,-0.2894623279571533,-0.0700450912117958
4320,18.8125,-0.9442699253559113,-0.03266018629074097,0.018647264689207077,0.0,0.3120370745658875,-0.28579694628715513,-0.30095726251602173,-0.05320747196674347
4330,23.75,-0.6367961764335632,-0.03252631314098835,0.01946546584367752,0.0,0.3142316430807114,-0.2809286996722221,-0.255731463432312,-0.05767204239964485
4340,24.125,-0.7452445328235626,-0.03468316569924355,0.016252512112259865,0.0,0.31706465780735016,-0.29909661412239075,-0.2882372736930847,-0.046289123594760895
4350,29.625,-0.5528217107057571,-0.027681787312030793,0.019942646846175194,0.0,0.3210186123847961,-0.28157881647348404,-0.29814374446868896,-0.0393197163939476
4360,25.6875,-0.7323499917984009,-0.03663747534155846,0.01517818421125412,0.0,0.31918429136276244,-0.2895295828580856,-0.26086845993995667,-0.052556417882442474
4370,26.0625,-0.6603189408779144,-0.03464928325265646,0.017770866490900518,0.0,0.32331533133983614,-0.29701174795627594,-0.31197094917297363,-0.05063639581203461
4380,19.375,-0.8406058549880981,-0.03229432757943869,0.011910424940288067,0.0,0.32035514116287234,-0.2854850172996521,-0.28240135312080383,-0.05528424680233002
4390,26.25,-0.7386536002159119,-0.03409496285021305,0.01406168844550848,0.0,0.32134654819965364,-0.28919748663902284,-0.2745141386985779,-0.05246138572692871
4400,18.875,-0.9954803884029388,-0.031117897480726242,0.014003110863268376,0.0,0.3245353579521179,-0.2753903761506081,-0.2637856602668762,-0.0006833835504949093
4410,20.375,-0.6526796817779541,-0.03378920443356037,0.012389762885868549,0.0,0.32771947979927063,-0.27837987542152404,-0.2902742922306061,-0.056707169860601425
4420,26.1875,-0.9182481169700623,-0.02701551467180252,0.01342345606535673,0.0,0.3252798318862915,-0.2825006037950516,-0.24689671397209167,-0.05686401575803757
4430,24.0625,-0.9054172337055206,-0.03613857738673687,0.02034330815076828,0.0,0.32602004110813143,-0.26933683604002,-0.23016265034675598,-0.04624967277050018
4440,28.1875,-0.6091999560594559,-0.026934267953038216,0.02905432730913162,0.0,0.32567322850227354,-0.28261301964521407,-0.26987674832344055,0.010469233617186546
4450,30.875,-0.42586489021778107,-0.03233385905623436,0.010408964194357394,0.0,0.32718603014945985,-0.26869858950376513,-0.23141376674175262,-0.044416896998882294
4460,24.0,-0.8242495954036713,-0.03143197596073151,0.009394063986837864,0.0,0.32863034009933473,-0.2706591472029686,-0.24846024811267853,-0.058945730328559875
4470,18.375,-0.8346760869026184,-0.036844677105545995,0.013505374640226364,0.0,0.3318532437086105,-0.2891538038849831,-0.27440372109413147,-0.05227234959602356
4480,23.3125,-0.839788019657135,-0.03500756770372391,0.013735156692564487,0.0,0.33103064000606536,-0.2781312927603722,-0.28539037704467773,-0.05266350880265236
4490,28.5625,-0.6347760260105133,-0.030779410898685456,0.009700285084545613,0.0,0.3317489236593246,-0.2731311544775963,-0.26788637042045593,-0.04196358099579811
4500,31.375,-0.5352655351161957,-0.025861892476677896,0.009834936261177063,0.0,0.332884281873703,-0.26469822227954865,-0.2553500533103943,-0.0474381260573864
4510,21.8125,-0.9478155374526978,-0.035412749648094176,0.008125773724168539,0.0,0.3334639400243759,-0.27113150954246523,-0.3071174621582031,-0.05291632190346718
4520,20.875,-0.8227641582489014,-0.025837869569659232,0.02005663774907589,0.0,0.3318534344434738,-0.27079725116491316,-0.24745815992355347,-0.0558943971991539
4530,26.375,-0.7356999516487122,-0.03222991693764925,0.00829769717529416,0.0,0.3322503656148911,-0.2781825512647629,-0.26658764481544495,-0.052445437759160995
4540,17.625,-0.8331765234470367,-0.032490359619259834,0.011859210766851902,0.0,0.3358015716075897,-0.28222798854112624,-0.2667134702205658,-0.056760262697935104
4550,23.5,-1.0355232656002045,-0.03412180729210377,0.011708938889205456,0.0,0.3360398501157761,-0.28111187666654586,-0.29441091418266296,-0.04965289682149887
4560,25.1875,-0.6313377320766449,-0.03288080375641585,0.013169903494417667,0.0,0.3357504427433014,-0.2750723585486412,-0.2559826374053955,-0.04923367500305176
4570,24.625,-0.6428504586219788,-0.03096198048442602,0.016909532807767393,0.0,0.3375458806753159,-0.27178279161453245,-0.28370988368988037,-0.04421576112508774
4580,23.75,-0.6317847669124603,-0.03504309244453907,0.013391869701445102,0.0,0.33716057538986205,-0.2940096378326416,-0.25465497374534607,-0.04898133873939514
4590,20.875,-1.145416259765625,-0.03791874125599861,0.016476796008646488,0.0,0.33610035479068756,-0.2888041377067566,-0.31650063395500183,-0.05569906532764435
4600,27.1875,-0.6213876605033875,-0.03106451891362667,0.009964778274297714,0.0,0.33834445774555205,-0.2766913130879402,-0.23354870080947876,-0.04967378079891205
4610,31.5,-0.5493938326835632,-0.02811317816376686,0.010219638422131538,0.0,0.33906328678131104,-0.27422155141830445,-0.27583590149879456,-0.056055936962366104
4620,20.5625,-0.6469720005989075,-0.03081573322415352,0.009689573384821414,0.0,0.3389036148786545,-0.2608846858143806,-0.2796700596809387,-0.05496269464492798
4630,20.6875,-0.9361974000930786,-0.0319707851856947,0.012142684124410153,0.0,0.339629665017128,-0.25010850578546523,-0.2897723317146301,-0.04830612614750862
4640,23.1875,-0.4275027960538864,-0.024909205734729767,0.011221778579056263,0.0,0.34045645892620086,-0.2638080447912216,-0.2532195746898651,-0.022559478878974915
4650,33.0625,-0.5455939173698425,-0.02964310459792614,0.007198878936469555,0.0,0.3411336660385132,-0.2587006077170372,-0.26591065526008606,-0.058357030153274536
4660,24.9375,-0.5378572642803192,-0.03208363875746727,0.009949985891580582,0.0,0.34408395886421206,-0.2615690141916275,-0.24390354752540588,-0.0646406039595604
4670,18.5,-0.8115521967411041,-0.031209259666502474,0.008496431354433297,0.0,0.34264413714408876,-0.2587060406804085,-0.22732888162136078,-0.05516734719276428
4680,31.0,-0.737639456987381,-0.03285783678293228,0.015357298776507378,0.0,0.34312457144260405,-0.2803010880947113,-0.28849679231643677,-0.035441283136606216
4690,17.0625,-1.1407634019851685,-0.03641792312264443,0.007822831626981497,0.0,0.3413499236106873,-0.26643916964530945,-0.3110124468803406,-0.05235039070248604
4700,30.9375,-0.4305032193660736,-0.024410216137766838,0.013433643989264965,0.0,0.34485767483711244,-0.2692911818623543,-0.23556353151798248,-0.0505710132420063
4710,22.25,-0.8482428789138794,-0.03127670744433999,0.01608433052897453,0.0,0.344706067442894,-0.26183356046676637,-0.3109647035598755,-0.03875415772199631
4720,31.25,-0.32294177263975143,-0.027527627348899842,0.012567113898694516,0.0,0.34700978696346285,-0.2547290980815887,-0.22158360481262207,-0.04120006412267685
4730,27.5,-0.6471649408340454,-0.031159164756536482,0.00718219606205821,0.0,0.34778919219970705,-0.25744272470474244,-0.2840481400489807,-0.05165950208902359
4740,19.375,-1.044147551059723,-0.03630301132798195,0.011197520419955254,0.0,0.3448145240545273,-0.26596093028783796,-0.303372859954834,-0.058820582926273346
4750,17.1875,-1.00533065199852,-0.036287739872932434,0.010924486443400383,0.0,0.3448465019464493,-0.25266847759485245,-0.24238255620002747,-0.04327748343348503
4760,32.875,-0.544791579246521,-0.029243999719619752,0.010238512977957725,0.0,0.347064334154129,-0.2655282631516457,-0.2611463963985443,-0.06142991781234741
4770,30.5,-0.5295217931270599,-0.03171278201043606,0.006024953350424767,0.0,0.3454085856676102,-0.2579925373196602,-0.2464822232723236,-0.04490584135055542
4780,16.3125,-0.9941103756427765,-0.0253568921238184,0.023581903800368308,0.0,0.3460446745157242,-0.2582150027155876,-0.2693452835083008,0.0064435964450240135
4790,27.5,-0.5502608865499496,-0.029582747258245945,0.015604844503104686,0.0,0.3482044041156769,-0.27053873240947723,-0.27124911546707153,-0.06141098588705063
4800,27.6875,-0.42940250039100647,-0.028363120183348654,0.015593886747956276,0.0,0.34943302869796755,-0.2780149593949318,-0.24956390261650085,-0.028563590720295906
4810,24.75,-0.7404674887657166,-0.02773149274289608,0.019516159780323505,0.0,0.3500634402036667,-0.276473231613636,-0.2928716838359833,-0.03678585961461067
4820,24.75,-0.9272778630256653,-0.0280757125467062,0.014525596052408218,0.0,0.3518144428730011,-0.2649107098579407,-0.30410313606262207,-0.013199766166508198
4830,26.25,-0.6352218985557556,-0.033379567041993144,0.011102153360843659,0.0,0.3508707106113434,-0.26628926396369934,-0.26215076446533203,-0.050317395478487015
4840,24.125,-0.8676556944847107,-0.042200295627117156,0.008867528848350048,0.0,0.3555748701095581,-0.25987724363803866,-0.32658258080482483,-0.06844085454940796
4850,29.625,-0.5242281258106232,-0.03380745388567448,0.008490953501313925,0.0,0.3523374319076538,-0.2700857982039452,-0.23089611530303955,-0.049634113907814026
4860,25.3125,-0.4525497257709503,-0.03639695793390274,0.01266505904495716,0.0,0.3524631172418594,-0.2586410567164421,-0.2726004123687744,-0.05738404020667076
4870,27.6875,-0.618028461933136,-0.03585854209959507,0.009854874201118946,0.0,0.35454090535640714,-0.25216456651687624,-0.22635042667388916,-0.051533475518226624
4880,19.875,-0.9297046959400177,-0.029315467551350595,0.008771610911935568,0.0,0.3574076145887375,-0.27290076315402984,-0.26969173550605774,-0.05539800971746445
4890,27.0,-0.6369903385639191,-0.02633150704205036,0.007452048454433679,0.0,0.3553534924983978,-0.2670726478099823,-0.2602888345718384,-0.05503083020448685
4900,24.3125,-0.6360361278057098,-0.03177291825413704,0.015436607412993908,0.0,0.3553274989128113,-0.2590333357453346,-0.2552475929260254,-0.05645608529448509
4910,25.875,-0.7279066741466522,-0.0300422802567482,0.01071140542626381,0.0,0.35694599747657774,-0.2603613644838333,-0.2500154972076416,-0.05522290617227554
4920,22.5625,-0.9473942518234253,-0.03325601369142532,0.009488272853195668,0.0,0.3585988789796829,-0.2592254415154457,-0.30894288420677185,-0.053932130336761475
4930,24.875,-0.5459193587303162,-0.0328431885689497,0.01321992538869381,0.0,0.3584687501192093,-0.2656550332903862,-0.27046123147010803,-0.0541783906519413
4940,32.5,-0.4934888631105423,-0.02747863456606865,0.01515069268643856,0.0,0.3603468418121338,-0.2620779320597649,-0.2310728132724762,0.011889923363924026
4950,23.5,-0.805665522813797,-0.026890278980135917,0.02476167567074299,0.0,0.3628427296876907,-0.26850140541791917,-0.2583654224872589,-0.011560045182704926
4960,22.5,-1.1255432963371277,-0.032309704646468165,0.008153269812464715,0.0,0.3648344069719315,-0.2496322438120842,-0.2775867283344269,-0.05510639399290085
4970,30.25,-0.5256166756153107,-0.03344327565282583,0.011944799683988094,0.0,0.3625053554773331,-0.26475813835859296,-0.2297879457473755,-0.05484636127948761
4980,28.9375,-0.4522535651922226,-0.029236890375614166,0.012357888370752334,0.0,0.3609021335840225,-0.25997865200042725,-0.2688302993774414,-0.06113450229167938
4990,32.0,-0.5429618656635284,-0.031102041900157928,0.01219303198158741,0.0,0.36056689620018006,-0.2591308519244194,-0.2590974271297455,-0.059899620711803436
5000,42.5,-0.4260653555393219,-0.028995366394519807,0.014530029334127902,0.0,0.36254931688308717,-0.26737951338291166,-0.23251453042030334,-0.04352116584777832
