epoch,lifetime,reward_mean,policy_loss,value_loss,sym_loss,score_real_run/full,score_fake_run/full,disc_reward_run/full,task_reward_0
1,9.8125,-0.7886176705360413,0.2602319478988647,0.6794615626335144,0.0,0.021245673298835754,0.05892849341034889,0.05822164937853813,-0.07111042737960815
10,11.875,-1.2628962993621826,-0.02348206490278244,0.45502796173095705,0.0,0.021583696827292442,0.05745839782887035,0.05400177091360092,-0.03887069597840309
20,9.75,-1.4823595881462097,-0.023836593516170977,0.12541483938694,0.0,0.022439231164753437,0.05460128113627434,0.04470285400748253,-0.07880868762731552
30,12.75,-1.2871662378311157,-0.025101061910390854,0.08985338807106018,0.0,0.024327069334685803,0.047754788771271706,0.042798060923814774,-0.07810515910387039
40,12.8125,-1.380270540714264,-0.030072478204965593,0.05801884010434151,0.0,0.027539452724158763,0.04356805831193924,0.0397162027657032,-0.06599444895982742
50,16.8125,-1.0998156666755676,-0.024140970036387443,0.05160230547189713,0.0,0.028511237911880018,0.03581418842077255,0.026475057005882263,-0.07926248759031296
60,10.4375,-1.3937163352966309,-0.023758695647120475,0.03446948379278183,0.0,0.03176852520555258,0.03261531386524439,0.023472346365451813,-0.07766298949718475
70,13.6875,-1.110191822052002,-0.017407483980059625,0.03150256425142288,0.0,0.03434983119368553,0.021500291861593725,0.013416741043329239,-0.08802782744169235
80,16.5,-1.3034824132919312,-0.02421383038163185,0.03913293033838272,0.0,0.0366537194699049,0.014839995838701724,0.012267368845641613,-0.08368842303752899
90,12.8125,-1.4003877639770508,-0.028240035101771355,0.021357810869812966,0.0,0.03930686600506306,0.008425720361992716,0.004861523397266865,-0.07397091388702393
100,13.5625,-1.1052671074867249,-0.029601112939417362,0.03495681136846542,0.0,0.042682242766022685,0.0022659255657345055,-0.001951106358319521,-0.06303540617227554
110,10.6875,-1.3861857056617737,-0.024261547811329366,0.03023931384086609,0.0,0.04588190950453282,-0.0038265736075118184,-0.0037110934499651194,-0.03474408760666847
120,14.75,-0.9254788160324097,-0.023682939074933528,0.019501230120658873,0.0,0.048771831765770914,-0.010331263486295938,-0.013923361897468567,-0.08365365862846375
130,10.75,-1.4093574285507202,-0.02305685505270958,0.021801720559597015,0.0,0.05206390433013439,-0.016628208570182323,-0.014801963232457638,-0.0761340856552124
140,13.875,-1.315805196762085,-0.030097316950559616,0.014228483475744725,0.0,0.055488615110516545,-0.019846473727375268,-0.025597834959626198,-0.07381284981966019
150,14.0625,-1.222573161125183,-0.029302305541932583,0.01771121323108673,0.0,0.058464876189827916,-0.02962494771927595,-0.03221369534730911,-0.07677726447582245
160,8.9375,-1.7892259359359741,-0.023957434669137002,0.027172957733273505,0.0,0.060082802176475526,-0.034725644253194334,-0.0370820052921772,-0.0358000323176384
170,14.8125,-1.5211722254753113,-0.03145787343382835,0.011478185094892979,0.0,0.06399686001241207,-0.04211631268262863,-0.04603658244013786,-0.07612711191177368
180,8.6875,-1.716860830783844,-0.024779545329511165,0.018920467980206013,0.0,0.0659807376563549,-0.04871492981910706,-0.05171060189604759,-0.07430107891559601
190,9.875,-1.618107259273529,-0.02940395325422287,0.015031476877629757,0.0,0.06921245232224464,-0.05443534664809704,-0.05543962121009827,-0.06759299337863922
200,11.75,-1.4137871265411377,-0.027634146995842455,0.02797086089849472,0.0,0.07129915207624435,-0.06275840364396572,-0.06260821223258972,-0.04160883650183678
210,10.875,-1.5289204120635986,-0.02314152419567108,0.01390804648399353,0.0,0.07344733476638794,-0.06900754868984223,-0.06667071580886841,-0.07278098165988922
220,10.5625,-1.52737557888031,-0.02393956035375595,0.017529799416661263,0.0,0.07619199305772781,-0.0727899070829153,-0.07178027927875519,-0.06485873460769653
230,11.8125,-1.1418542861938477,-0.02822250537574291,0.014209541119635105,0.0,0.07917019724845886,-0.08134322911500931,-0.08090957254171371,-0.05966024100780487
240,8.5,-1.6270532011985779,-0.028235271200537683,0.012696908973157405,0.0,0.08222604840993882,-0.08368109464645386,-0.07558751106262207,-0.06604649126529694
250,8.4375,-1.8294799327850342,-0.028718183934688567,0.012396214716136455,0.0,0.08382370322942734,-0.09045302122831345,-0.09580211341381073,-0.06477242708206177
260,18.1875,-1.354819118976593,-0.022377940267324446,0.00829889215528965,0.0,0.08717836290597916,-0.09485037922859192,-0.10090339183807373,-0.08083481341600418
270,17.5625,-0.854068398475647,-0.024868621863424777,0.013096015900373459,0.0,0.08811371251940728,-0.09924916476011277,-0.10639658570289612,-0.043964505195617676
280,11.0,-1.3578842878341675,-0.024287958443164826,0.009724406525492668,0.0,0.08948390632867813,-0.10522746145725251,-0.11483637243509293,-0.07489639520645142
290,8.125,-1.5516810417175293,-0.022488543763756752,0.01448624935001135,0.0,0.09070827588438987,-0.11211110576987267,-0.0966327041387558,-0.09153088927268982
300,13.125,-1.2559420466423035,-0.025081433728337287,0.013998370058834553,0.0,0.09231004044413567,-0.11398632898926735,-0.11840642988681793,-0.0636143907904625
310,14.5,-1.2595233917236328,-0.025860779359936713,0.02844785004854202,0.0,0.09565573930740356,-0.11678882539272309,-0.11260151863098145,-0.07455844432115555
320,10.875,-1.4589296579360962,-0.030542438849806786,0.017272240668535232,0.0,0.09594236239790917,-0.12043424099683761,-0.12195734679698944,-0.07688010483980179
330,9.9375,-1.5582183003425598,-0.029548713564872743,0.01689053513109684,0.0,0.09604082182049752,-0.12318502143025398,-0.13147670030593872,-0.07314413785934448
340,14.625,-0.9757015109062195,-0.025264407880604266,0.01415630653500557,0.0,0.09798195734620094,-0.12953421324491501,-0.1291780173778534,-0.07490172237157822
350,13.75,-1.1673889756202698,-0.027341340854763984,0.011237765662372112,0.0,0.10132221728563309,-0.13140526339411734,-0.13116256892681122,-0.06888279318809509
360,7.3125,-1.5560921430587769,-0.022908033244311808,0.019941171631217003,0.0,0.10128109753131867,-0.1340666927397251,-0.12402164936065674,-0.07697104662656784
370,14.4375,-1.4651641249656677,-0.028003090620040895,0.010643943026661874,0.0,0.1034468300640583,-0.14035468846559523,-0.15016531944274902,-0.06407472491264343
380,12.875,-1.1840288639068604,-0.026980237662792207,0.010307870246469975,0.0,0.10451162904500962,-0.1415982723236084,-0.14841964840888977,-0.08585136383771896
390,12.625,-1.2727339267730713,-0.024502751231193543,0.013731973990797997,0.0,0.10544075816869736,-0.1448114335536957,-0.14773224294185638,-0.07047216594219208
400,11.125,-1.3728044033050537,-0.030219895765185356,0.011315867863595485,0.0,0.10822117552161217,-0.15108014941215514,-0.14928275346755981,-0.07424048334360123
410,17.375,-1.0831694602966309,-0.021860508620738982,0.013305390626192093,0.0,0.10939879566431046,-0.15463382601737977,-0.15326322615146637,-0.07335368543863297
420,10.5625,-1.479786992073059,-0.026277478598058224,0.00824493234977126,0.0,0.10962510257959365,-0.16089003384113312,-0.1640971302986145,-0.08061078935861588
430,15.3125,-1.3823192715644836,-0.02205968350172043,0.00977736823260784,0.0,0.10833798125386238,-0.15658071190118789,-0.16598773002624512,-0.08049159497022629
440,14.1875,-1.4780479073524475,-0.023982209712266923,0.008756328001618385,0.0,0.11067315563559532,-0.16453862339258193,-0.16755253076553345,-0.07554514706134796
450,10.0625,-1.47953861951828,-0.02548392452299595,0.012927460484206676,0.0,0.10900379568338395,-0.16532438099384308,-0.1640060693025589,-0.0815252959728241
460,15.25,-1.2819792032241821,-0.030138422548770905,0.009116263780742883,0.0,0.11376470178365708,-0.16709435731172562,-0.17838743329048157,-0.061258915811777115
470,12.875,-1.386872410774231,-0.02652005236595869,0.009701398760080337,0.0,0.11323548629879951,-0.17330192774534225,-0.18181562423706055,-0.07399840652942657
480,11.0,-1.5745891332626343,-0.029157259687781333,0.008192472904920579,0.0,0.11281999498605728,-0.16793591380119324,-0.1739005744457245,-0.06854607164859772
490,13.4375,-1.196093201637268,-0.02292577438056469,0.010716987401247024,0.0,0.11530286148190498,-0.1782306894659996,-0.18863876163959503,-0.07344723492860794
500,14.9375,-1.0906664729118347,-0.019636206701397894,0.011883622966706753,0.0,0.11678553223609925,-0.17198508828878403,-0.16311755776405334,-0.08031696826219559
510,17.1875,-1.1902836561203003,-0.026096341107040642,0.009514509886503219,0.0,0.11869824603199959,-0.18289743810892106,-0.18136078119277954,-0.06894122064113617
520,11.5625,-1.3896781206130981,-0.02456822358071804,0.011617963947355748,0.0,0.11848774179816246,-0.18312591314315796,-0.1840379387140274,-0.07891573011875153
530,12.1875,-1.2905597686767578,-0.026003549434244634,0.010286583565175533,0.0,0.11794963255524635,-0.18641318529844284,-0.1883690357208252,-0.07136499881744385
540,11.5,-1.3775638341903687,-0.022240199148654938,0.01806861497461796,0.0,0.11845454499125481,-0.19150210171937943,-0.18862074613571167,-0.04959375038743019
550,13.8125,-1.3833871483802795,-0.021296584233641624,0.009278695099055767,0.0,0.1198631264269352,-0.181053264439106,-0.18039272725582123,-0.07164019346237183
560,11.25,-1.287708044052124,-0.020236266776919365,0.007560263946652412,0.0,0.12101457566022873,-0.19031928479671478,-0.18331706523895264,-0.06895376741886139
570,12.625,-1.489419162273407,-0.03257014835253358,0.005718972813338041,0.0,0.12138488441705704,-0.1886823832988739,-0.19681140780448914,-0.07152532041072845
580,13.4375,-1.192686676979065,-0.023398023471236228,0.011040674895048142,0.0,0.12214369922876359,-0.19282569736242294,-0.185341477394104,-0.07000001519918442
590,15.75,-1.2910820245742798,-0.025755375623703003,0.0068273660726845264,0.0,0.12275885492563247,-0.19210345298051834,-0.18561652302742004,-0.07532698661088943
600,13.3125,-1.2063491940498352,-0.028196412697434427,0.008607881143689156,0.0,0.12419539391994476,-0.19338400959968566,-0.2043476402759552,-0.08089786767959595
610,13.125,-1.1034661531448364,-0.02461591809988022,0.007420423440635204,0.0,0.1229100339114666,-0.20087973177433013,-0.20406457781791687,-0.06879904866218567
620,11.8125,-1.1961005926132202,-0.019238297268748282,0.0073216606862843035,0.0,0.12534855231642722,-0.19968590289354324,-0.1930045783519745,-0.07114651799201965
630,15.75,-1.681146502494812,-0.026702964678406715,0.012265679985284805,0.0,0.12714553922414779,-0.19926676154136658,-0.1975828856229782,-0.07096870243549347
640,14.3125,-1.3818966746330261,-0.03075975589454174,0.004651362309232354,0.0,0.12839319556951523,-0.19992867559194566,-0.19326691329479218,-0.056390464305877686
650,13.625,-1.1945187449455261,-0.021982327476143836,0.007411203160881996,0.0,0.12770602852106094,-0.20179362893104552,-0.1958613395690918,-0.06604795902967453
660,14.625,-1.3963426351547241,-0.028981482982635497,0.007083332818001509,0.0,0.1282566636800766,-0.20324872434139252,-0.21351808309555054,-0.06564721465110779
670,10.9375,-1.201707899570465,-0.029025704227387907,0.005135276261717081,0.0,0.12972737699747086,-0.20446769744157792,-0.20706897974014282,-0.0689651295542717
680,16.125,-1.1053626537322998,-0.020443230122327804,0.009703224524855614,0.0,0.129357048869133,-0.21049196273088455,-0.20358337461948395,-0.07459789514541626
690,11.625,-1.3979464769363403,-0.025621847063302994,0.01024817805737257,0.0,0.13035843148827553,-0.20921884328126908,-0.20407432317733765,-0.0781664103269577
700,10.125,-1.4987092018127441,-0.023539309203624726,0.00759521834552288,0.0,0.1300136312842369,-0.21600285172462463,-0.2161177098751068,-0.0772579088807106
710,12.5625,-1.200624942779541,-0.026849303767085074,0.006177571602165699,0.0,0.13053883612155914,-0.22231651991605758,-0.20296376943588257,-0.07226619124412537
720,15.75,-0.9163600504398346,-0.03135050386190415,0.008489701617509126,0.0,0.13186839818954468,-0.2164660081267357,-0.2186359465122223,-0.06698240339756012
730,13.0,-1.5030516982078552,-0.023629875853657722,0.005915103014558554,0.0,0.13072308599948884,-0.22274599671363832,-0.22517715394496918,-0.07809095084667206
740,16.1875,-1.0140416622161865,-0.022811408527195452,0.006297765672206879,0.0,0.13278652131557464,-0.2215569421648979,-0.22805237770080566,-0.06217869371175766
750,11.5625,-1.201397180557251,-0.030898009613156318,0.00528512429445982,0.0,0.13068558871746064,-0.22746578752994537,-0.20718666911125183,-0.07190904766321182
760,12.875,-1.42108952999115,-0.019101370126008987,0.005603876896202564,0.0,0.1338496536016464,-0.22982917129993438,-0.2541549801826477,-0.0781448483467102
770,11.1875,-1.3914819955825806,-0.02030743509531021,0.008314139116555453,0.0,0.13245889097452163,-0.23142740577459336,-0.19987055659294128,-0.07152105867862701
780,7.9375,-1.4930622577667236,-0.02397570461034775,0.013697979412972927,0.0,0.13370334655046462,-0.23381583392620087,-0.23728014528751373,-0.04099404811859131
790,14.8125,-1.2173540592193604,-0.018065783381462096,0.010820447653532028,0.0,0.13431166708469391,-0.2315262585878372,-0.2274799942970276,-0.08315037190914154
800,14.0625,-1.314172089099884,-0.030259854346513747,0.011496002785861492,0.0,0.13456162810325623,-0.2262028604745865,-0.23580150306224823,-0.07738058269023895
810,14.625,-1.2968074083328247,-0.028097240999341012,0.01243095975369215,0.0,0.1345917984843254,-0.22915608137845994,-0.21126270294189453,-0.06373482197523117
820,13.3125,-1.4052478671073914,-0.02469632737338543,0.007394801639020443,0.0,0.13619508892297744,-0.23504699021577835,-0.23564904928207397,-0.06333673000335693
830,14.875,-1.2124531269073486,-0.026791947707533837,0.008913023956120014,0.0,0.13701189756393434,-0.23716217428445815,-0.23804016411304474,-0.06465272605419159
840,12.625,-1.3005478382110596,-0.020925623178482056,0.008416499942541122,0.0,0.13621203899383544,-0.23651255071163177,-0.21335668861865997,-0.07036591321229935
850,12.375,-1.215093970298767,-0.02754012420773506,0.007207506056874991,0.0,0.13520532548427583,-0.23701267838478088,-0.23008140921592712,-0.07564512640237808
860,14.0,-1.220753788948059,-0.029980675876140596,0.009014761075377464,0.0,0.13772090077400206,-0.24115733355283736,-0.2501998543739319,-0.06936964392662048
870,18.875,-1.1380932331085205,-0.021306720562279224,0.006516671646386385,0.0,0.13741198033094407,-0.24664436727762223,-0.26815810799598694,-0.07854625582695007
880,10.4375,-1.5995770692825317,-0.019446206465363502,0.005156554747372866,0.0,0.1385287344455719,-0.24962294846773148,-0.24369727075099945,-0.05990876257419586
890,13.75,-1.1155856847763062,-0.02677594907581806,0.008156544901430607,0.0,0.13943157345056534,-0.24883176982402802,-0.22780296206474304,-0.07309450209140778
900,19.5625,-0.7139827609062195,-0.01761695249006152,0.03183664157986641,0.0,0.1375045135617256,-0.2518442526459694,-0.2675597071647644,-0.002377778757363558
910,15.75,-1.2197681665420532,-0.026326872035861017,0.007993636466562749,0.0,0.1373984158039093,-0.24801229536533356,-0.23697280883789062,-0.07503637671470642
920,17.125,-1.2203670740127563,-0.01755704768002033,0.009335341677069665,0.0,0.14101214855909347,-0.24799050390720367,-0.24182862043380737,-0.07756857573986053
930,14.625,-0.9306514859199524,-0.02286677323281765,0.00891435295343399,0.0,0.1392150640487671,-0.24875271171331406,-0.24104762077331543,-0.0757870227098465
940,13.6875,-1.3201961517333984,-0.02145400121808052,0.0104726018384099,0.0,0.14082428067922592,-0.25249099135398867,-0.24330087006092072,-0.07966012507677078
950,10.5,-1.3207147717475891,-0.02981407940387726,0.006793523021042347,0.0,0.1403531551361084,-0.24843258261680604,-0.2451813519001007,-0.08327135443687439
960,12.1875,-1.225219488143921,-0.027819601446390153,0.01598056387156248,0.0,0.14244846552610396,-0.2496010333299637,-0.2545734941959381,-0.07378917932510376
970,14.5,-1.215696930885315,-0.02431955523788929,0.007089965045452118,0.0,0.14177088141441346,-0.2517052501440048,-0.24229885637760162,-0.06636522710323334
980,12.5,-1.4280688762664795,-0.030254783295094966,0.014732948690652847,0.0,0.1438651517033577,-0.25222532749176024,-0.27426639199256897,-0.07522977143526077
990,13.375,-1.1324511766433716,-0.02823288068175316,0.008851984050124884,0.0,0.14338384717702865,-0.25796393007040025,-0.2564281225204468,-0.07884585857391357
1000,16.1875,-1.3118595480918884,-0.02871328629553318,0.005770048499107361,0.0,0.14463138431310654,-0.254402881860733,-0.24273499846458435,-0.06708653271198273
1010,10.3125,-1.5063222646713257,-0.0307897225022316,0.006393981352448464,0.0,0.14477157443761826,-0.24872483015060426,-0.24951747059822083,-0.06237147003412247
1020,15.125,-1.2204105257987976,-0.028321991488337517,0.0051366714760661125,0.0,0.14543847739696503,-0.25726453512907027,-0.2510143220424652,-0.06860925257205963
1030,13.6875,-1.4301912188529968,-0.026194215938448905,0.007544847670942545,0.0,0.1465389221906662,-0.25588300824165344,-0.2715531289577484,-0.07832065969705582
1040,15.25,-1.3216491341590881,-0.02235647812485695,0.007698069326579571,0.0,0.14724230021238327,-0.2518134191632271,-0.24783314764499664,-0.08349496871232986
1050,14.625,-1.3178167343139648,-0.027541500329971314,0.006319400295615197,0.0,0.14586936086416244,-0.25974949896335603,-0.24877259135246277,-0.07292056828737259
1060,11.8125,-1.4061191082000732,-0.02843259386718273,0.006013953033834696,0.0,0.1477731704711914,-0.2534160137176514,-0.24406954646110535,-0.061777159571647644
1070,20.8125,-0.8506819009780884,-0.02290782518684864,0.0045737517066299915,0.0,0.14669504761695862,-0.2547422513365746,-0.27292847633361816,-0.07888215780258179
1080,13.8125,-1.1463811993598938,-0.01990456469357014,0.005837177392095327,0.0,0.14924099445343017,-0.25934816896915436,-0.28307121992111206,-0.0816262885928154
1090,14.125,-1.226388692855835,-0.025691431760787965,0.004159352881833911,0.0,0.14909162670373916,-0.25905915945768354,-0.2540946304798126,-0.07691758871078491
1100,12.875,-1.1381447315216064,-0.028951527178287507,0.009834973514080048,0.0,0.14989130645990373,-0.2623681306838989,-0.2751511037349701,-0.07379147410392761
1110,11.75,-1.3285202980041504,-0.026153873652219772,0.014988701976835727,0.0,0.15164265632629395,-0.26671320497989653,-0.26102250814437866,-0.08209589123725891
1120,11.9375,-1.3232150077819824,-0.025023157894611358,0.005814140848815441,0.0,0.15072795748710632,-0.26660727262496947,-0.25766146183013916,-0.07530224323272705
1130,15.3125,-1.042836993932724,-0.025111183524131775,0.006083992682397366,0.0,0.14995522499084474,-0.25760130733251574,-0.2801649570465088,-0.07127274572849274
1140,15.875,-1.04840487241745,-0.02719925530254841,0.006674055196344853,0.0,0.15205843299627303,-0.25925428718328475,-0.27210503816604614,-0.08724498748779297
1150,13.375,-1.3946289420127869,-0.023841057624667882,0.030074357613921167,0.0,0.15547501891851426,-0.25619177520275116,-0.25751230120658875,-0.026758935302495956
1160,14.5,-0.9292900562286377,-0.027444300055503846,0.008337535243481398,0.0,0.15220749527215957,-0.2585261598229408,-0.2474214881658554,-0.06793203204870224
1170,11.0,-1.211707055568695,-0.02889622114598751,0.008118624705821276,0.0,0.15450822561979294,-0.2618415102362633,-0.2407081574201584,-0.06079468876123428
1180,13.375,-1.1376858353614807,-0.01886681504547596,0.009577582962810994,0.0,0.15584404170513153,-0.2571853384375572,-0.2612742781639099,-0.08821380138397217
1190,13.375,-1.0077292323112488,-0.02590587604790926,0.023346501961350442,0.0,0.15481351017951966,-0.2574909672141075,-0.2399304062128067,-0.038003772497177124
1200,10.6875,-1.328121304512024,-0.023038794100284577,0.010700853355228902,0.0,0.15858711451292037,-0.2600213408470154,-0.2636294960975647,-0.07874427735805511
1210,16.25,-0.9479475617408752,-0.024649869278073312,0.007936448603868485,0.0,0.1557156339287758,-0.2587656155228615,-0.273029088973999,-0.07719714939594269
1220,18.3125,-0.947052538394928,-0.023314991593360902,0.0064906044863164425,0.0,0.15866837352514268,-0.26758935302495956,-0.26064983010292053,-0.08749053627252579
1230,17.3125,-0.9289349317550659,-0.023577465489506722,0.0062719985842704775,0.0,0.1576244816184044,-0.26357764601707456,-0.247922882437706,-0.06547924876213074
1240,14.75,-1.41761976480484,-0.024964797496795654,0.008609110116958618,0.0,0.15726414173841477,-0.25296891033649443,-0.26893147826194763,-0.059769466519355774
1250,13.5625,-1.133726716041565,-0.02538857525214553,0.006702900771051646,0.0,0.1568298503756523,-0.2561891481280327,-0.2585854232311249,-0.08182048797607422
1260,14.0625,-1.1281341314315796,-0.01918305568397045,0.008113894052803517,0.0,0.15788359344005584,-0.2578210711479187,-0.25626882910728455,-0.07216347754001617
1270,13.9375,-1.5069780349731445,-0.020554689690470695,0.007632441911846399,0.0,0.15795948058366777,-0.25539163798093795,-0.24807602167129517,-0.06454583257436752
1280,20.1875,-0.8503393530845642,-0.021968523040413857,0.004463205300271511,0.0,0.16083816885948182,-0.25299584269523623,-0.2688743472099304,-0.08314124494791031
1290,18.75,-0.7230753898620605,-0.023178549855947493,0.011973314359784127,0.0,0.1586148574948311,-0.24715249985456467,-0.2375040054321289,-0.05047536641359329
1300,17.8125,-1.0477319359779358,-0.026704296842217444,0.015012622065842151,0.0,0.1608726292848587,-0.2552787557244301,-0.2807735800743103,-0.07755664736032486
1310,15.3125,-1.142657995223999,-0.02261974662542343,0.007166104670614004,0.0,0.15963598787784578,-0.25120713412761686,-0.27240294218063354,-0.08308224380016327
1320,12.75,-1.3236313462257385,-0.02805873900651932,0.004922936204820871,0.0,0.1604556381702423,-0.2576128512620926,-0.25818851590156555,-0.07618391513824463
1330,19.8125,-0.9477724432945251,-0.02537573091685772,0.006570056732743979,0.0,0.16034361571073533,-0.25160409361124036,-0.2690770626068115,-0.08334700763225555
1340,15.125,-1.3150678873062134,-0.022016295790672304,0.018828422576189042,0.0,0.15771515369415284,-0.24641848504543304,-0.2347300499677658,-0.08141089230775833
1350,15.625,-1.3150168657302856,-0.02398172691464424,0.007742614857852459,0.0,0.16158557385206224,-0.24776031076908112,-0.24209502339363098,-0.07442746311426163
1360,14.125,-1.1090620756149292,-0.021446453407406807,0.014662856049835683,0.0,0.16311439424753188,-0.2603036940097809,-0.25457704067230225,-0.03437880426645279
1370,16.875,-0.9369252920150757,-0.02441328316926956,0.006877886503934861,0.0,0.16185374706983566,-0.2528634786605835,-0.266971230506897,-0.06154714152216911
1380,15.75,-1.127762794494629,-0.031127563491463662,0.008505173120647668,0.0,0.16167906671762466,-0.250419844686985,-0.24158552289009094,-0.08348582684993744
1390,19.625,-1.1071248650550842,-0.03263425156474113,0.015116446837782859,0.0,0.1649535283446312,-0.2471408724784851,-0.25096839666366577,-0.03455829620361328
1400,18.8125,-0.9346399903297424,-0.029647720605134965,0.00529293529689312,0.0,0.1658901244401932,-0.25259452909231184,-0.25444111227989197,-0.07121609151363373
1410,10.9375,-1.216664433479309,-0.026845335960388184,0.005262770131230355,0.0,0.1635443314909935,-0.24400767534971238,-0.23379826545715332,-0.08023373782634735
1420,16.5,-1.1277583837509155,-0.02646980844438076,0.004510442819446325,0.0,0.1625005766749382,-0.2449919730424881,-0.25725406408309937,-0.06954072415828705
1430,10.4375,-1.3270894885063171,-0.026626015827059746,0.006414807308465243,0.0,0.16195750534534453,-0.25146211981773375,-0.25838330388069153,-0.08388148993253708
1440,14.75,-1.1318612098693848,-0.025476294010877608,0.0091858203522861,0.0,0.16599605679512025,-0.2539942055940628,-0.2530948519706726,-0.08238230645656586
1450,20.4375,-0.9257110953330994,-0.03333126176148653,0.0030040332581847905,0.0,0.16483278721570968,-0.248614664375782,-0.24111831188201904,-0.06777860224246979
1460,13.0,-1.122570276260376,-0.029759331792593,0.010376564972102643,0.0,0.1650582566857338,-0.24024524837732314,-0.24746793508529663,-0.0686122477054596
1470,15.3125,-1.1289936304092407,-0.02255050912499428,0.013633982092142106,0.0,0.16725050210952758,-0.24695537090301514,-0.24976268410682678,-0.08027437329292297
1480,12.875,-1.3184779286384583,-0.026493311673402787,0.005729550402611494,0.0,0.16637660413980485,-0.2553806632757187,-0.25927096605300903,-0.06590105593204498
1490,13.6875,-1.3161698579788208,-0.025942628737539053,0.0057218756526708605,0.0,0.16830684542655944,-0.25410476624965667,-0.25260794162750244,-0.06545688211917877
1500,11.6875,-1.4988226890563965,-0.027664236538112164,0.007094805687665939,0.0,0.16702567636966706,-0.2521317958831787,-0.23699355125427246,-0.061518266797065735
1510,11.75,-1.3189719319343567,-0.024522190913558006,0.009336063358932733,0.0,0.16600215584039688,-0.2550047874450684,-0.2521839737892151,-0.07311047613620758
1520,14.5625,-1.1177434921264648,-0.025955704599618913,0.0203869242221117,0.0,0.16897421479225158,-0.2551857605576515,-0.2413569539785385,-0.06704404950141907
1530,17.75,-0.9543169736862183,-0.027557475492358208,0.007413553167134523,0.0,0.16872734129428862,-0.25842273980379105,-0.28086936473846436,-0.08699090033769608
1540,16.1875,-1.1292335391044617,-0.025170033052563667,0.016788483038544653,0.0,0.16810148060321808,-0.2529833659529686,-0.2785711884498596,-0.05348554253578186
1550,11.875,-1.3259165287017822,-0.025593979656696318,0.006426908355206251,0.0,0.16750561743974685,-0.25084181427955626,-0.2644093632698059,-0.07528470456600189
1560,21.6875,-0.6440315544605255,-0.022334974631667136,0.010403232090175152,0.0,0.16776477992534639,-0.25372255891561507,-0.2572849690914154,-0.06612291932106018
1570,16.375,-1.2237999439239502,-0.02760639665648341,0.00866359993815422,0.0,0.168477363884449,-0.2592301219701767,-0.2507878541946411,-0.07901114970445633
1580,18.8125,-0.9082348644733429,-0.0253678509965539,0.010468830727040768,0.0,0.1668161302804947,-0.2536690130829811,-0.23727358877658844,-0.03349849581718445
1590,15.625,-1.0387511253356934,-0.025389279425144195,0.005872947722673416,0.0,0.16722337603569032,-0.2518743097782135,-0.2648079991340637,-0.07852403819561005
1600,16.4375,-0.8408268392086029,-0.029187468439340593,0.007585609517991543,0.0,0.16953598707914352,-0.26495460271835325,-0.2710563540458679,-0.061198875308036804
1610,18.75,-0.9344128668308258,-0.028206632286310197,0.00785107035189867,0.0,0.1703008770942688,-0.259103088080883,-0.25039970874786377,-0.07614798098802567
1620,16.875,-0.817010760307312,-0.026569761894643308,0.009557667560875416,0.0,0.1687869220972061,-0.24990757554769516,-0.21345219016075134,-0.07347650825977325
1630,15.75,-1.2200325727462769,-0.02572034504264593,0.009366626664996148,0.0,0.17092302590608596,-0.2605253681540489,-0.24895167350769043,-0.07202106714248657
1640,13.0,-1.2168314456939697,-0.0317285917699337,0.01244377437978983,0.0,0.17086932063102722,-0.2527101829648018,-0.2321423888206482,-0.08248031139373779
1650,14.375,-1.2280670404434204,-0.028944114968180657,0.006372236181050539,0.0,0.16940260380506517,-0.26068997383117676,-0.25232863426208496,-0.08369331061840057
1660,14.1875,-1.231342077255249,-0.027772774547338487,0.008923117071390152,0.0,0.17022088319063186,-0.25329229682683946,-0.2726808786392212,-0.07187844812870026
1670,20.5,-0.9343996644020081,-0.021970027312636375,0.012847588956356048,0.0,0.16982266753911973,-0.25594048798084257,-0.24988910555839539,-0.07778884470462799
1680,17.625,-1.019739806652069,-0.026743093878030776,0.0037244978826493024,0.0,0.17040629535913468,-0.2485656961798668,-0.2364976406097412,-0.06928189098834991
1690,12.0,-1.6020524501800537,-0.03000848777592182,0.007195018045604229,0.0,0.17149059921503068,-0.25347817242145537,-0.24198822677135468,-0.07448968291282654
1700,14.25,-1.2252174615859985,-0.027990753203630446,0.013652176223695278,0.0,0.17402639985084534,-0.25500530302524566,-0.24761976301670074,-0.0852867066860199
1710,16.8125,-1.222964584827423,-0.028326456993818284,0.011501657031476497,0.0,0.17026315480470658,-0.2568522050976753,-0.2506287097930908,-0.07747357338666916
1720,13.5,-1.0989131927490234,-0.02304380591958761,0.026628755033016205,0.0,0.17490895837545395,-0.2568564936518669,-0.2540050148963928,-0.017337605357170105
1730,20.25,-1.1453394293785095,-0.025529221072793006,0.005003312136977911,0.0,0.1731756091117859,-0.2653087466955185,-0.2879582941532135,-0.07610821723937988
1740,12.875,-1.2246291637420654,-0.028511551767587663,0.008130304142832756,0.0,0.17124136090278624,-0.26166444420814516,-0.25654780864715576,-0.07427319884300232
1750,16.3125,-1.0248743891716003,-0.026626726426184178,0.009939293004572391,0.0,0.17438846081495285,-0.2521018162369728,-0.23919706046581268,-0.07660487294197083
1760,16.375,-1.0482144355773926,-0.02232565563172102,0.009248762391507626,0.0,0.17587758004665374,-0.260416604578495,-0.2741394340991974,-0.08997683972120285
1770,12.0,-1.4188992381095886,-0.027921730652451515,0.010546812601387501,0.0,0.1714520901441574,-0.2587273895740509,-0.25989407300949097,-0.07254108786582947
1780,12.1875,-1.4269293546676636,-0.027683229744434358,0.005438852868974209,0.0,0.17305057495832443,-0.2626891016960144,-0.27816328406333923,-0.07390470057725906
1790,14.4375,-1.2272361516952515,-0.029159403406083584,0.007822165079414845,0.0,0.17663315534591675,-0.26252956241369246,-0.2764779031276703,-0.06004071235656738
1800,15.625,-1.128201186656952,-0.027743281424045564,0.008225483912974596,0.0,0.17583111226558684,-0.2615978762507439,-0.24976925551891327,-0.08269605040550232
1810,15.9375,-1.120055615901947,-0.026831160858273508,0.010876551829278469,0.0,0.17702747881412506,-0.25022819489240644,-0.23897142708301544,-0.07581847906112671
1820,18.0,-1.0259274542331696,-0.027099877037107943,0.00926048904657364,0.0,0.17866961658000946,-0.256048384308815,-0.24565276503562927,-0.07415111362934113
1830,12.3125,-1.2230581045150757,-0.03137826416641474,0.007347229588776827,0.0,0.17707039266824723,-0.2600532755255699,-0.26045215129852295,-0.06940808147192001
1840,9.6875,-1.307241141796112,-0.02771509811282158,0.01852756626904011,0.0,0.17684231102466583,-0.2485954463481903,-0.2582719624042511,-0.04708759859204292
1850,17.75,-1.1243150234222412,-0.02451160755008459,0.012779702991247177,0.0,0.1790037900209427,-0.2515591338276863,-0.258863627910614,-0.06553526222705841
1860,19.625,-1.157012403011322,-0.021941612102091314,0.019493599608540534,0.0,0.18221226781606675,-0.26812744736671446,-0.3054119646549225,-0.08346879482269287
1870,16.0,-1.1399579644203186,-0.025320062041282655,0.005827368143945933,0.0,0.18000734448432923,-0.2657609760761261,-0.271639347076416,-0.08284512907266617
1880,20.5625,-1.1623234152793884,-0.028788855858147146,0.008753248024731874,0.0,0.18038554191589357,-0.269470626115799,-0.3024919629096985,-0.09494603425264359
1890,13.0625,-1.5236615538597107,-0.02901412583887577,0.005171651486307383,0.0,0.1801221638917923,-0.265209025144577,-0.2839173376560211,-0.06929659843444824
1900,9.75,-1.3215262293815613,-0.028056037984788416,0.010414175502955914,0.0,0.17745837271213533,-0.2592021733522415,-0.2521279752254486,-0.07998999953269958
1910,15.0625,-1.2453341484069824,-0.027967526391148568,0.029923227429389954,0.0,0.18148934841156006,-0.27500936985015867,-0.3049619197845459,-0.06633108854293823
1920,11.8125,-1.5136629939079285,-0.027832144498825075,0.020292929001152517,0.0,0.18072935491800307,-0.2788308888673782,-0.2642635107040405,-0.07063308358192444
1930,13.1875,-1.139417052268982,-0.030283615179359912,0.007808310352265835,0.0,0.181544728577137,-0.2755182504653931,-0.2896100580692291,-0.06433085352182388
1940,13.1875,-1.418370246887207,-0.02064037099480629,0.01325264312326908,0.0,0.18354659527540207,-0.2681019365787506,-0.2698531150817871,-0.06353041529655457
1950,13.8125,-1.5205686688423157,-0.02707090526819229,0.010438594408333302,0.0,0.1842045545578003,-0.26397342830896375,-0.26654183864593506,-0.08032026886940002
1960,15.0,-1.2315583229064941,-0.03226754292845726,0.0106443727388978,0.0,0.18418117314577104,-0.2676663607358932,-0.28224486112594604,-0.06149392947554588
1970,15.6875,-1.237126350402832,-0.0252888735383749,0.019247636198997498,0.0,0.18537237346172333,-0.2687164142727852,-0.2849878668785095,-0.07255429029464722
1980,23.9375,-0.8443435728549957,-0.023115907981991767,0.013367792032659054,0.0,0.18645914345979692,-0.26853091865777967,-0.2712886929512024,-0.06894059479236603
1990,14.9375,-1.2221439480781555,-0.026927422359585763,0.008673828281462192,0.0,0.18487752676010133,-0.2613292410969734,-0.25431808829307556,-0.07234705239534378
2000,15.1875,-1.1344521641731262,-0.028901422023773195,0.006056520901620388,0.0,0.1863858222961426,-0.2634764835238457,-0.27657121419906616,-0.066923126578331
2010,15.0625,-1.1414451003074646,-0.026731594838202,0.011514767818152905,0.0,0.18617828637361528,-0.2694026231765747,-0.2845960259437561,-0.07272510230541229
2020,14.6875,-1.0302826464176178,-0.0297441266477108,0.010525374859571456,0.0,0.18635545670986176,-0.2599982708692551,-0.2484782636165619,-0.07704775780439377
2030,14.0,-1.4049042463302612,-0.027518372237682342,0.02533932700753212,0.0,0.1879636749625206,-0.27231774628162386,-0.27927735447883606,-0.02287791110575199
2040,15.75,-1.224159061908722,-0.025730959698557855,0.006637952104210853,0.0,0.18844413459300996,-0.27230463922023773,-0.25186842679977417,-0.07988903671503067
2050,15.125,-1.126037061214447,-0.02599550560116768,0.005581014323979616,0.0,0.19031412303447723,-0.26540583521127703,-0.25792938470840454,-0.06797101348638535
2060,18.6875,-1.0221495032310486,-0.027885130234062673,0.014102919586002826,0.0,0.18806968927383422,-0.2756066173315048,-0.2678365111351013,-0.04268757998943329
2070,15.5,-1.1303631067276,-0.02662406489253044,0.02148079201579094,0.0,0.1918741226196289,-0.2824727803468704,-0.3025127649307251,-0.036165814846754074
2080,14.125,-1.0446383357048035,-0.025565880164504052,0.006698042247444391,0.0,0.19217313528060914,-0.2714505076408386,-0.2867037057876587,-0.07177358865737915
2090,16.125,-1.137980878353119,-0.026678291708230974,0.007144789397716522,0.0,0.19133525788784028,-0.2681229755282402,-0.2742507755756378,-0.07739704847335815
2100,14.375,-1.3185725808143616,-0.026872920989990234,0.012082663364708424,0.0,0.18979301005601884,-0.26346619576215746,-0.2532063126564026,-0.07338304817676544
2110,17.625,-0.9461261034011841,-0.023942886665463448,0.01155256237834692,0.0,0.1900650218129158,-0.2734373927116394,-0.2703288793563843,-0.08179786801338196
2120,16.6875,-0.9327325224876404,-0.025782839581370353,0.015277530252933502,0.0,0.19107863456010818,-0.26790422052145,-0.24647743999958038,-0.0806998610496521
2130,15.0625,-1.1471266746520996,-0.026943246088922023,0.007709914539009333,0.0,0.19017064720392227,-0.2630587249994278,-0.28826195001602173,-0.08216848969459534
2140,15.9375,-1.1378493905067444,-0.02944095470011234,0.011448945291340351,0.0,0.19249572455883027,-0.2727333098649979,-0.27485573291778564,-0.07632049918174744
2150,13.0,-1.3145948648452759,-0.02749668788164854,0.009262434020638467,0.0,0.1929318055510521,-0.267453570663929,-0.24658985435962677,-0.07455403357744217
2160,13.875,-1.318353295326233,-0.02909606173634529,0.01863689199090004,0.0,0.1918649673461914,-0.27044529616832735,-0.25655120611190796,-0.06913885474205017
2170,12.125,-1.402223289012909,-0.028389179334044456,0.006474729627370834,0.0,0.19339431673288346,-0.26743519157171247,-0.23755976557731628,-0.06833130121231079
2180,11.4375,-1.227422833442688,-0.02888539880514145,0.006859016604721546,0.0,0.19286396056413652,-0.28220930993556975,-0.2776494026184082,-0.061031684279441833
2190,15.3125,-1.2303270101547241,-0.020755454152822494,0.01346033439040184,0.0,0.1967012792825699,-0.2801364839076996,-0.2648666501045227,-0.07712585479021072
2200,12.5625,-1.1469364762306213,-0.03009055061265826,0.006382135208696127,0.0,0.1956917718052864,-0.2658277675509453,-0.29220402240753174,-0.07776184380054474
2210,21.625,-0.8467831015586853,-0.028987495601177214,0.010172725282609462,0.0,0.19541418999433519,-0.2662858560681343,-0.267499715089798,-0.0805097296833992
2220,20.4375,-0.7479953169822693,-0.022395852953195572,0.011172761395573615,0.0,0.19609488993883134,-0.2757268130779266,-0.26689982414245605,-0.07534534484148026
2230,16.4375,-1.2355979681015015,-0.02838584892451763,0.007948774192482234,0.0,0.19728192836046218,-0.26878009736537933,-0.26739072799682617,-0.08807793259620667
2240,15.375,-1.2161571979522705,-0.026134682446718217,0.013653792254626752,0.0,0.19713685065507888,-0.26629927307367324,-0.25048553943634033,-0.06661559641361237
2250,14.1875,-1.3174827098846436,-0.030508918315172197,0.008070058375597,0.0,0.19547831416130065,-0.2745907247066498,-0.2567845582962036,-0.06694230437278748
2260,12.4375,-1.213942527770996,-0.028102077450603245,0.00924533549696207,0.0,0.1966949850320816,-0.26391282975673674,-0.247629314661026,-0.06307803094387054
2270,12.8125,-1.3324164748191833,-0.027962479554116727,0.007862534560263156,0.0,0.19600225239992142,-0.26989521980285647,-0.2704349160194397,-0.08769936114549637
2280,16.8125,-1.126955807209015,-0.028293411061167718,0.013216520100831986,0.0,0.19648244827985764,-0.26528037190437315,-0.26723694801330566,-0.06448417901992798
2290,19.5,-1.1248480677604675,-0.02628107853233814,0.006078801210969686,0.0,0.19867737740278243,-0.27602799236774445,-0.26227378845214844,-0.05705593526363373
2300,14.25,-1.218918263912201,-0.02484463807195425,0.007332753296941519,0.0,0.1976654589176178,-0.265453565120697,-0.25860899686813354,-0.06146906688809395
2310,14.75,-1.2225204706192017,-0.030223889648914336,0.00367780695669353,0.0,0.20009538233280183,-0.2582715809345245,-0.26185885071754456,-0.06507658213376999
2320,16.8125,-0.942591667175293,-0.031471032090485095,0.015458478406071664,0.0,0.19981154948472976,-0.26104290783405304,-0.2660846710205078,-0.07935921102762222
2330,12.875,-1.2203937768936157,-0.026943058893084525,0.009660494700074195,0.0,0.20138785392045974,-0.26112066507339476,-0.2512044906616211,-0.07024180889129639
2340,15.3125,-1.1439523100852966,-0.02605334036052227,0.014810901507735253,0.0,0.20077771991491317,-0.25831043124198916,-0.2792050242424011,-0.08204543590545654
2350,16.375,-0.9361534416675568,-0.027538655325770378,0.010080033540725708,0.0,0.20133065730333327,-0.2664129376411438,-0.25236546993255615,-0.08086796849966049
2360,16.6875,-1.0442968308925629,-0.021497410908341407,0.03610408902168274,0.0,0.1997034177184105,-0.26396550238132477,-0.2802344560623169,-0.07689671963453293
2370,21.125,-0.950421154499054,-0.03494641995057464,0.007263252604752779,0.0,0.20084557682275772,-0.2617153197526932,-0.2969517707824707,-0.06224595755338669
2380,17.1875,-0.9280173480510712,-0.028985924273729324,0.01485672015696764,0.0,0.20020638406276703,-0.24666111320257186,-0.23836293816566467,-0.07737316191196442
2390,13.3125,-1.2492337226867676,-0.02994376830756664,0.007990736048668623,0.0,0.20357562750577926,-0.2653387561440468,-0.30039262771606445,-0.08311516791582108
2400,12.9375,-1.3140912652015686,-0.02989617008715868,0.012717473320662975,0.0,0.20431074500083923,-0.26467879861593246,-0.26598024368286133,-0.05357692390680313
2410,15.9375,-1.2332406044006348,-0.023737742379307748,0.008790316432714463,0.0,0.20302032083272933,-0.2647225737571716,-0.26462650299072266,-0.0844232589006424
2420,13.25,-1.3259100317955017,-0.023603090830147267,0.010780428163707256,0.0,0.20335154086351395,-0.26927450597286223,-0.27088433504104614,-0.07280030846595764
2430,11.75,-1.3282488584518433,-0.03099593538790941,0.00588830066844821,0.0,0.2060302659869194,-0.2696386620402336,-0.26972028613090515,-0.07800094783306122
2440,9.875,-1.4324475526809692,-0.029677924886345863,0.011831292137503623,0.0,0.20582836568355561,-0.2679788425564766,-0.2823849618434906,-0.08194416016340256
2450,16.375,-0.8413361608982086,-0.02949396651238203,0.03040136843919754,0.0,0.20386098325252533,-0.2513973519206047,-0.26229342818260193,-0.07364680618047714
2460,14.375,-1.0414937734603882,-0.026548650674521924,0.013236816227436065,0.0,0.20558548718690872,-0.2630550220608711,-0.2632172107696533,-0.09076490998268127
2470,11.8125,-1.3081210851669312,-0.030035586282610893,0.008449859730899335,0.0,0.20363616049289704,-0.25977752953767774,-0.24236153066158295,-0.06543701887130737
2480,12.1875,-1.289694905281067,-0.028210683166980742,0.017786889895796777,0.0,0.2056276246905327,-0.26154192090034484,-0.24572235345840454,-0.026678655296564102
2490,20.0625,-0.5291935056447983,-0.027376338839530945,0.013354247994720935,0.0,0.2064626008272171,-0.2675886616110802,-0.24469344317913055,-0.045378148555755615
2500,17.5625,-0.9308706820011139,-0.029165079817175865,0.009252185560762882,0.0,0.20878224372863768,-0.2642730623483658,-0.2564171254634857,-0.0688467025756836
2510,19.5625,-0.7415148317813873,-0.02280120402574539,0.018415619805455207,0.0,0.2100348576903343,-0.2632600799202919,-0.279527872800827,-0.04997016116976738
2520,16.9375,-1.2278204560279846,-0.031698312237858774,0.006177200563251972,0.0,0.2070290267467499,-0.2682037323713303,-0.2691349983215332,-0.07212679088115692
2530,15.5625,-1.0382608771324158,-0.030963544361293317,0.009258409030735493,0.0,0.20930355787277222,-0.2723488718271255,-0.28281909227371216,-0.058368951082229614
2540,16.4375,-0.8367648124694824,-0.02374952584505081,0.006121655646711588,0.0,0.20952571034431458,-0.25626293271780015,-0.2508140206336975,-0.07605639845132828
2550,15.5,-1.141367256641388,-0.02474851068109274,0.008266289625316859,0.0,0.21123990267515183,-0.26104564070701597,-0.27930399775505066,-0.07774383574724197
2560,15.75,-0.8413983583450317,-0.02729126065969467,0.015726605243980885,0.0,0.21179201155900956,-0.26080224066972735,-0.25460219383239746,-0.08066011965274811
2570,12.375,-1.0161495506763458,-0.028637873753905297,0.0122188126668334,0.0,0.2088886097073555,-0.26301824748516084,-0.23431363701820374,-0.06768184900283813
2580,11.75,-1.148130714893341,-0.030728765949606895,0.015330473519861698,0.0,0.2109997883439064,-0.2782239705324173,-0.29856935143470764,-0.07387693226337433
2590,15.0,-1.2212440967559814,-0.0307624988257885,0.006869930494576693,0.0,0.21153709143400193,-0.2626663863658905,-0.2663145363330841,-0.06077954173088074
2600,14.875,-1.219822645187378,-0.026984197646379472,0.009274116531014443,0.0,0.2098494738340378,-0.27346387803554534,-0.24995695054531097,-0.07490111142396927
2610,14.875,-1.0348471105098724,-0.029869768023490905,0.011245250888168811,0.0,0.21084090769290925,-0.2721482962369919,-0.2762935757637024,-0.06250937283039093
2620,13.75,-1.144494652748108,-0.03221732489764691,0.014579089730978012,0.0,0.2140060320496559,-0.27506469935178757,-0.2896023988723755,-0.07785557955503464
2630,14.9375,-1.038552612066269,-0.030856046825647354,0.007088338956236839,0.0,0.21385521292686463,-0.2759062796831131,-0.2742569148540497,-0.07348106801509857
2640,16.9375,-1.0511970520019531,-0.030773160606622697,0.015132123418152333,0.0,0.21374865174293517,-0.2724633559584618,-0.2957327961921692,-0.07569423317909241
2650,11.3125,-1.3169771432876587,-0.02593611180782318,0.008887638337910175,0.0,0.21161514669656753,-0.2724445551633835,-0.24990013241767883,-0.07989834249019623
2660,17.375,-1.1270013451576233,-0.023364559561014176,0.004312042752280832,0.0,0.21414159685373307,-0.2679980471730232,-0.26255959272384644,-0.06856681406497955
2670,17.25,-1.0340039134025574,-0.03009457029402256,0.010635376162827014,0.0,0.2132872983813286,-0.2688494443893433,-0.271009624004364,-0.06709783524274826
2680,13.0625,-1.2355242371559143,-0.021790333837270737,0.008341056015342473,0.0,0.2111818462610245,-0.2791878432035446,-0.27019309997558594,-0.08490946888923645
2690,10.75,-1.446306824684143,-0.02760167941451073,0.005686555895954371,0.0,0.21202811300754548,-0.2744091644883156,-0.30732280015945435,-0.0850209891796112
2700,17.6875,-0.9559564292430878,-0.02740982547402382,0.009245780296623707,0.0,0.21157376766204833,-0.269937139749527,-0.2877771258354187,-0.08762149512767792
2710,13.625,-1.1350592374801636,-0.02649257704615593,0.007962163630872965,0.0,0.21315140426158904,-0.27288792431354525,-0.2741905450820923,-0.07244883477687836
2720,13.3125,-1.1313490271568298,-0.032457066141068934,0.013322915881872177,0.0,0.2102261960506439,-0.27509618997573854,-0.27433866262435913,-0.0661754459142685
2730,16.75,-0.9305360913276672,-0.029870884865522383,0.006263453792780638,0.0,0.21214259564876556,-0.2684377357363701,-0.25982969999313354,-0.06262878328561783
2740,15.9375,-1.0143376290798187,-0.02871755287051201,0.008526940830051899,0.0,0.21209358274936677,-0.2797616466879845,-0.24711620807647705,-0.04772961139678955
2750,11.0,-1.3161969184875488,-0.028326555341482162,0.013037035986781121,0.0,0.217613784968853,-0.2719828814268112,-0.25787100195884705,-0.06517034769058228
2760,17.3125,-0.9496961832046509,-0.021725667268037797,0.0071288436651229855,0.0,0.21802230924367905,-0.2723058119416237,-0.2881093919277191,-0.07437920570373535
2770,16.1875,-1.1519405245780945,-0.02696581110358238,0.01012330986559391,0.0,0.21462398916482925,-0.27866853326559066,-0.2972918152809143,-0.086485356092453
2780,12.9375,-1.2328544855117798,-0.03424030542373657,0.010431793704628944,0.0,0.21839148551225662,-0.27766944766044616,-0.26951849460601807,-0.0812688022851944
2790,16.3125,-1.1230847239494324,-0.028301881998777388,0.012239799834787846,0.0,0.21786509603261947,-0.26602626740932467,-0.2623419165611267,-0.06292020529508591
2800,12.625,-1.2463826537132263,-0.026741842180490492,0.022826654836535454,0.0,0.2165836811065674,-0.2686661869287491,-0.2993619740009308,-0.07859919965267181
2810,13.8125,-1.301214337348938,-0.026812953501939775,0.007737829722464085,0.0,0.21928071975708008,-0.27258310467004776,-0.23732322454452515,-0.06051080673933029
2820,16.0625,-1.0474214553833008,-0.028016981855034827,0.01251982692629099,0.0,0.22127928733825683,-0.2719379484653473,-0.27685511112213135,-0.08810904622077942
2830,14.5,-1.3234004974365234,-0.027255428582429887,0.0075270096771419045,0.0,0.2223207324743271,-0.26958846747875215,-0.2637890577316284,-0.07723398506641388
2840,16.375,-1.2170667052268982,-0.029253975301980973,0.007587332837283611,0.0,0.22108552604913712,-0.26495866775512694,-0.2574719488620758,-0.06152542680501938
2850,14.375,-1.2361151576042175,-0.02880033999681473,0.018164779618382455,0.0,0.2231861472129822,-0.27329685986042024,-0.2875171899795532,-0.0717785656452179
2860,12.125,-1.127404510974884,-0.030161796510219573,0.011882327124476432,0.0,0.22040920406579972,-0.2760845571756363,-0.2536144256591797,-0.08185403048992157
2870,14.0625,-1.3180918097496033,-0.024520901218056678,0.005540149286389351,0.0,0.22155403196811677,-0.26497545540332795,-0.2560615837574005,-0.0718676969408989
2880,19.4375,-0.947679191827774,-0.03119345139712095,0.013135999254882336,0.0,0.2224499598145485,-0.25875703543424605,-0.2834237217903137,-0.07340759038925171
2890,15.9375,-1.0339473187923431,-0.033371333964169025,0.009367286041378976,0.0,0.2240779608488083,-0.26909746676683427,-0.26243844628334045,-0.07569541037082672
2900,18.5,-0.9110235869884491,-0.02766110301017761,0.010187844187021256,0.0,0.22511014193296433,-0.2600452587008476,-0.21747884154319763,-0.06339896470308304
2910,12.125,-1.4199524521827698,-0.030721068382263184,0.00950901061296463,0.0,0.2250934958457947,-0.26405149102211,-0.2677946984767914,-0.07438021898269653
2920,18.625,-0.9461426734924316,-0.021423331648111343,0.023864424973726272,0.0,0.22752752751111985,-0.2615088403224945,-0.2849537432193756,-0.06852630525827408
2930,12.0,-1.3213967084884644,-0.02573067843914032,0.009484191052615642,0.0,0.2240358278155327,-0.2617826581001282,-0.252693235874176,-0.08311872184276581
2940,15.5,-1.119821310043335,-0.027687191590666772,0.009696384146809577,0.0,0.22860106229782104,-0.25710262060165406,-0.23351165652275085,-0.0828891396522522
2950,13.9375,-1.1071469187736511,-0.02735740952193737,0.011598960496485233,0.0,0.22764041572809218,-0.2539117693901062,-0.23015841841697693,-0.061055317521095276
2960,15.0625,-1.2056589126586914,-0.031124616600573064,0.009536642581224442,0.0,0.22927283942699433,-0.25779344141483307,-0.2344665229320526,-0.062275078147649765
2970,22.125,-1.0383214354515076,-0.024532433971762656,0.006637758389115333,0.0,0.22928091436624526,-0.269522151350975,-0.282329261302948,-0.06591250002384186
2980,14.875,-1.1326772570610046,-0.0339170603081584,0.006925824005156756,0.0,0.2280629336833954,-0.26205957531929014,-0.2651103138923645,-0.07951708137989044
2990,14.1875,-1.3116837739944458,-0.02939712218940258,0.0125147994607687,0.0,0.22733149081468582,-0.2569862738251686,-0.24609869718551636,-0.07256880402565002
3000,15.9375,-1.4113240838050842,-0.024367285519838335,0.01266526896506548,0.0,0.2313220888376236,-0.25970077365636823,-0.2520236074924469,-0.07279404252767563
3010,14.0625,-1.2405129671096802,-0.023084114864468576,0.011034374870359898,0.0,0.23397786170244217,-0.26312247961759566,-0.2719530463218689,-0.09485869109630585
3020,15.0625,-0.9146574437618256,-0.024493660870939495,0.008349713496863842,0.0,0.2293551743030548,-0.2516032367944717,-0.2202364206314087,-0.07134416699409485
3030,20.75,-0.8364634811878204,-0.02843991555273533,0.011531372927129269,0.0,0.22985244244337083,-0.25144868791103364,-0.2491261512041092,-0.07908560335636139
3040,14.5,-1.014436811208725,-0.02945609446614981,0.00789310485124588,0.0,0.2321530193090439,-0.2591220080852509,-0.2262635976076126,-0.0736866146326065
3050,13.75,-1.1271207928657532,-0.0302245220169425,0.007539972849190235,0.0,0.22852535247802735,-0.262955142557621,-0.2620595693588257,-0.07121352851390839
3060,13.75,-1.3262677192687988,-0.028714323602616786,0.010733930952847004,0.0,0.2319476142525673,-0.2582083627581596,-0.2668978273868561,-0.07926419377326965
3070,13.1875,-1.2209949493408203,-0.02139133047312498,0.010462676547467709,0.0,0.23214741945266723,-0.2595566391944885,-0.2497476488351822,-0.07820536941289902
3080,16.9375,-1.2450678944587708,-0.029383618757128714,0.00841282457113266,0.0,0.23216140866279603,-0.26106248050928116,-0.2959444522857666,-0.08156471699476242
3090,9.375,-1.4115289449691772,-0.029314151033759117,0.01263013705611229,0.0,0.2339564010500908,-0.2701260715723038,-0.2725759446620941,-0.04818243905901909
3100,18.0625,-1.0238348245620728,-0.029281767643988134,0.014375530369579791,0.0,0.2307177945971489,-0.26198930144309995,-0.23607097566127777,-0.08145566284656525
3110,13.9375,-1.1146824955940247,-0.026897241175174714,0.008934415504336357,0.0,0.2288219928741455,-0.2737798228859901,-0.22877046465873718,-0.07963326573371887
3120,18.0625,-1.0183777213096619,-0.026301500946283342,0.02128206305205822,0.0,0.231531785428524,-0.2628012582659721,-0.2455747276544571,-0.06107386574149132
3130,15.5625,-0.9430298507213593,-0.025422482565045357,0.00828727064654231,0.0,0.23134935200214385,-0.2625663936138153,-0.2693507671356201,-0.07864884287118912
3140,18.0625,-0.9426139295101166,-0.03091687224805355,0.004404722712934017,0.0,0.2334691286087036,-0.2581379473209381,-0.27805331349372864,-0.07093723118305206
3150,19.875,-1.1235953569412231,-0.027894120663404465,0.015745260193943976,0.0,0.23414571434259415,-0.260699138045311,-0.2616884112358093,-0.06250675767660141
3160,22.5625,-1.0502038300037384,-0.026019005477428435,0.008928721584379674,0.0,0.23583535552024842,-0.2696185439825058,-0.2973618507385254,-0.0748797208070755
3170,19.125,-0.7577687203884125,-0.026088007912039756,0.006722618825733662,0.0,0.23465413153171538,-0.2587926521897316,-0.2856866717338562,-0.07747910171747208
3180,17.3125,-1.224701166152954,-0.02748060692101717,0.010158350132405758,0.0,0.2356459990143776,-0.258778078854084,-0.25200676918029785,-0.08268691599369049
3190,23.4375,-1.1330825686454773,-0.026907817274332047,0.007853913772851228,0.0,0.23551210910081863,-0.2559085816144943,-0.26972049474716187,-0.07609196752309799
3200,15.75,-0.9413773119449615,-0.026623379811644553,0.006472316570580006,0.0,0.23445270210504532,-0.2596115693449974,-0.2698652148246765,-0.07796251028776169
3210,15.8125,-0.925503134727478,-0.029998392798006535,0.01995190531015396,0.0,0.2364485204219818,-0.26475818604230883,-0.2501525282859802,-0.06355026364326477
3220,18.125,-1.222708523273468,-0.030004183202981947,0.006276867538690567,0.0,0.23870255351066588,-0.2683194637298584,-0.2728748917579651,-0.06088952720165253
3230,17.1875,-0.8522983193397522,-0.03148452751338482,0.022605117037892343,0.0,0.23554688096046447,-0.2693686828017235,-0.2958206832408905,-0.0636562705039978
3240,11.9375,-1.2183270454406738,-0.03143469383940101,0.015453903749585152,0.0,0.23967026621103288,-0.25822893232107164,-0.25195568799972534,-0.0712907612323761
3250,17.0625,-0.7182035744190216,-0.02580733299255371,0.017131687514483927,0.0,0.24013652950525283,-0.26974440813064576,-0.20770063996315002,-0.07604094594717026
3260,17.4375,-0.8155190944671631,-0.028731611743569373,0.011888113804161549,0.0,0.23972843438386918,-0.2415238067507744,-0.2171652615070343,-0.06588578224182129
3270,25.4375,-0.7208660840988159,-0.026136530190706254,0.01073807869106531,0.0,0.24159351438283921,-0.2429584503173828,-0.21461987495422363,-0.07450556755065918
3280,14.8125,-0.953300267457962,-0.029014959931373596,0.008404386602342129,0.0,0.23791936933994293,-0.26212945133447646,-0.290767639875412,-0.07915878295898438
3290,15.875,-1.230687439441681,-0.03208601325750351,0.0071890558116137985,0.0,0.24121042042970658,-0.2543516933917999,-0.2731362581253052,-0.07786786556243896
3300,16.0625,-1.32338547706604,-0.03070298470556736,0.00711333891376853,0.0,0.24104602932929992,-0.24676429480314255,-0.2781780958175659,-0.0657525360584259
3310,17.25,-0.8073654770851135,-0.02790764719247818,0.017086889408528805,0.0,0.24065124839544297,-0.24594491124153137,-0.24354493618011475,-0.023308180272579193
3320,16.5625,-0.9476066827774048,-0.028425136394798756,0.0077245630323886875,0.0,0.24470458626747132,-0.25254897177219393,-0.2771565914154053,-0.08309589326381683
3330,22.25,-0.6529673039913177,-0.026811165362596513,0.009685315936803818,0.0,0.24275539219379424,-0.2559514999389648,-0.27106204628944397,-0.0742059051990509
3340,14.1875,-1.1209569573402405,-0.029117488861083986,0.009067866951227188,0.0,0.24273613095283508,-0.2552359089255333,-0.25525712966918945,-0.0655834972858429
3350,13.75,-1.2227783799171448,-0.02667812630534172,0.0077251728624105455,0.0,0.24244919270277024,-0.2512419387698174,-0.24253252148628235,-0.090309739112854
3360,18.8125,-0.7466444373130798,-0.03301408216357231,0.014590644091367722,0.0,0.242685766518116,-0.256629242002964,-0.2589778006076813,-0.08123153448104858
3370,18.5,-0.8211244940757751,-0.02644618898630142,0.010147191770374774,0.0,0.2428276792168617,-0.2640033394098282,-0.22596952319145203,-0.07117387652397156
3380,15.3125,-1.0178970992565155,-0.029130705073475836,0.006610934156924486,0.0,0.2427690878510475,-0.26215381622314454,-0.23762840032577515,-0.07040144503116608
3390,23.375,-0.9405111074447632,-0.024651429429650307,0.0052456846460700035,0.0,0.24529012739658357,-0.26854761838912966,-0.2527018189430237,-0.08982595801353455
3400,17.0625,-1.0087704956531525,-0.02886793129146099,0.01158593948930502,0.0,0.2421608805656433,-0.25387940257787706,-0.2122330665588379,-0.07757174968719482
3410,12.0625,-1.3115279078483582,-0.025481799244880678,0.01668747663497925,0.0,0.24493014365434645,-0.27268697917461393,-0.2528349459171295,-0.06622946262359619
3420,12.875,-1.429356575012207,-0.02552187889814377,0.00707975160330534,0.0,0.24328794479370117,-0.2578530266880989,-0.2978171706199646,-0.06415116041898727
3430,19.25,-0.9319295287132263,-0.02643623184412718,0.005405879486352206,0.0,0.2452639177441597,-0.2562349170446396,-0.2560884952545166,-0.07183573395013809
3440,17.625,-1.2232295274734497,-0.02877195067703724,0.006504677888005972,0.0,0.2443532317876816,-0.2533475667238235,-0.2768484354019165,-0.05909682810306549
3450,20.5,-0.6390224099159241,-0.02944817841053009,0.010054814256727695,0.0,0.24471949338912963,-0.25026531219482423,-0.24182510375976562,-0.07598641514778137
3460,17.1875,-1.0196613073349,-0.03009386770427227,0.007883066497743129,0.0,0.2451522409915924,-0.2563595801591873,-0.2504870295524597,-0.0594160333275795
3470,19.4375,-0.922614574432373,-0.02817471297457814,0.01588790863752365,0.0,0.2491038665175438,-0.2638612076640129,-0.2712302505970001,-0.03854435309767723
3480,15.6875,-0.9244967401027679,-0.026289250142872332,0.009649652428925038,0.0,0.24780733734369279,-0.24907568842172623,-0.24518615007400513,-0.06743091344833374
3490,15.5,-0.8505888879299164,-0.02918125856667757,0.011064656637609005,0.0,0.24665013700723648,-0.27476494908332827,-0.28965964913368225,-0.06671217083930969
3500,15.0,-1.232717514038086,-0.034078745357692244,0.021111560240387916,0.0,0.24736405164003372,-0.2579448580741882,-0.27457717061042786,-0.0793573185801506
3510,17.625,-1.0349727869033813,-0.03382340557873249,0.005315133556723595,0.0,0.25264376401901245,-0.2570122808218002,-0.2713865041732788,-0.07088738679885864
3520,15.375,-1.2039456367492676,-0.026953532919287683,0.007747097872197628,0.0,0.2489159345626831,-0.2505799487233162,-0.22564315795898438,-0.0694805234670639
3530,13.6875,-1.0212671160697937,-0.03149167746305466,0.008858416695147753,0.0,0.2507882729172707,-0.2527263328433037,-0.24232006072998047,-0.07171875238418579
3540,17.0625,-1.0201610922813416,-0.027499258890748023,0.0075231769122183325,0.0,0.24982006698846818,-0.2536938890814781,-0.2612561881542206,-0.05180186405777931
3550,13.5625,-1.2154905796051025,-0.025571777299046517,0.004976969119161368,0.0,0.24927320927381516,-0.24625649750232698,-0.2420792281627655,-0.07508505135774612
3560,16.8125,-0.9242997467517853,-0.025447654724121093,0.008375370875000954,0.0,0.2523359179496765,-0.2595650553703308,-0.24179117381572723,-0.07230611145496368
3570,18.125,-0.8111619651317596,-0.025485905446112157,0.012988614477217197,0.0,0.25330374836921693,-0.23934478014707566,-0.2027658224105835,-0.07524056732654572
3580,18.25,-0.8988178372383118,-0.02659061998128891,0.011580871045589447,0.0,0.24892764091491698,-0.2569435194134712,-0.195367231965065,-0.06495466083288193
3590,15.0,-1.410885214805603,-0.029966140165925026,0.03281140848994255,0.0,0.25141641348600385,-0.24769958555698396,-0.2885180115699768,-0.03703805431723595
3600,13.0,-1.2098711729049683,-0.029039116203784944,0.010391421802341937,0.0,0.2529969021677971,-0.2421351745724678,-0.23702220618724823,-0.07334311306476593
3610,16.625,-1.0278600454330444,-0.028271010518074034,0.006196369230747223,0.0,0.25265121906995774,-0.2596313267946243,-0.26843133568763733,-0.06132243573665619
3620,15.25,-0.7367052435874939,-0.033997320011258124,0.007621694169938564,0.0,0.2555413514375687,-0.24682527780532837,-0.23142646253108978,-0.09030824899673462
3630,19.6875,-0.8181979060173035,-0.027448399737477303,0.006030308827757835,0.0,0.2512365072965622,-0.24177038222551345,-0.21069297194480896,-0.081852987408638
3640,17.6875,-1.0233278274536133,-0.028223134204745294,0.010249920189380646,0.0,0.2518561393022537,-0.2406550884246826,-0.24631227552890778,-0.07248193770647049
3650,21.1875,-0.9274997711181641,-0.02820899188518524,0.006839668657630682,0.0,0.2545408308506012,-0.2500765696167946,-0.2453533262014389,-0.07483530789613724
3660,16.875,-0.9164311289787292,-0.024347609840333462,0.009856869652867317,0.0,0.25338523983955386,-0.2403324842453003,-0.22473812103271484,-0.07304537296295166
3670,18.75,-1.1152970790863037,-0.0331309050321579,0.006643186882138252,0.0,0.2555643320083618,-0.24445447623729705,-0.23266851902008057,-0.07721914350986481
3680,16.6875,-1.0985518097877502,-0.024563504941761495,0.008407126925885678,0.0,0.25389181077480316,-0.23430318683385848,-0.21390461921691895,-0.06450170278549194
3690,18.0,-1.1184446811676025,-0.02987976260483265,0.004754085186868906,0.0,0.2528786614537239,-0.22158799320459366,-0.2555599808692932,-0.06039625033736229
3700,17.5625,-0.9163119494915009,-0.023985470458865166,0.006279062107205391,0.0,0.25363620817661287,-0.248073548078537,-0.22117148339748383,-0.07668045908212662
3710,20.125,-1.0261051952838898,-0.034151742421090606,0.0073864062316715716,0.0,0.2530093893408775,-0.24775368571281434,-0.2549446225166321,-0.06905493140220642
3720,19.25,-0.7119323015213013,-0.028804853558540344,0.01985701508820057,0.0,0.2540957361459732,-0.23458491861820222,-0.19001279771327972,-0.08286118507385254
3730,13.9375,-1.123311996459961,-0.027857514657080175,0.01228605881333351,0.0,0.2532091811299324,-0.24395449310541154,-0.26566222310066223,-0.06170530244708061
3740,16.6875,-0.9191603064537048,-0.028511886671185493,0.01823528092354536,0.0,0.25260894149541857,-0.23591989576816558,-0.23441612720489502,-0.06807094812393188
3750,16.1875,-1.0288452208042145,-0.02565165776759386,0.007933490816503764,0.0,0.25389077365398405,-0.23405549079179763,-0.2581528425216675,-0.07126207649707794
3760,13.0,-1.2166861295700073,-0.03430381491780281,0.011518697813153267,0.0,0.2535116508603096,-0.24284394085407257,-0.2383846640586853,-0.08349107205867767
3770,10.9375,-1.4019603729248047,-0.02723304498940706,0.015991299226880074,0.0,0.2556795090436935,-0.2428344115614891,-0.2701665461063385,-0.03857306391000748
3780,18.5625,-0.6277191638946533,-0.024906884133815765,0.006021760031580925,0.0,0.25959033370018003,-0.247523894906044,-0.2170998454093933,-0.07883156836032867
3790,15.625,-1.0107634365558624,-0.028810424916446208,0.012486508861184121,0.0,0.2559646651148796,-0.24144383519887924,-0.21604067087173462,-0.0740487277507782
3800,12.75,-1.4092875719070435,-0.0325484361499548,0.007586712390184403,0.0,0.2623550742864609,-0.23058873116970063,-0.2576179504394531,-0.06446879357099533
3810,14.875,-1.0959903001785278,-0.02710697278380394,0.006387174129486084,0.0,0.26049343049526213,-0.2342710554599762,-0.2177923619747162,-0.05361455678939819
3820,13.75,-0.9422088861465454,-0.027322938293218614,0.02203863002359867,0.0,0.2585750624537468,-0.23108626753091813,-0.2722504734992981,-0.07719701528549194
3830,16.625,-0.9108474552631378,-0.025719267874956132,0.006561919953674078,0.0,0.26172847747802735,-0.23771968930959703,-0.2193615734577179,-0.06665217131376266
3840,17.25,-1.0185127258300781,-0.023999784886837006,0.011110406368970871,0.0,0.2605676054954529,-0.2427387073636055,-0.22566822171211243,-0.08529572933912277
3850,17.4375,-1.2217583656311035,-0.03049899060279131,0.015423831902444363,0.0,0.25936775505542753,-0.23733936101198197,-0.25746041536331177,-0.07344858348369598
3860,17.375,-0.982813686132431,-0.025031125545501708,0.03269498944282532,0.0,0.25780923664569855,-0.24247962534427642,-0.24496561288833618,0.007179198786616325
3870,16.6875,-1.113904595375061,-0.029532905854284763,0.010286201909184455,0.0,0.2591685265302658,-0.2231704995036125,-0.22628605365753174,-0.08300580084323883
3880,21.0,-0.86112180352211,-0.028542839735746384,0.007791698351502419,0.0,0.2594362676143646,-0.24969859272241593,-0.28926149010658264,-0.08870251476764679
3890,19.25,-0.73209148645401,-0.026486536860466002,0.010881436429917813,0.0,0.2592015266418457,-0.2389865130186081,-0.23928424715995789,-0.0742001086473465
3900,14.3125,-1.0252418518066406,-0.027058978751301765,0.009855669364333153,0.0,0.2576616734266281,-0.23739854842424393,-0.24834474921226501,-0.07493634521961212
3910,17.25,-0.947577953338623,-0.029042624682188035,0.01343870982527733,0.0,0.2593117326498032,-0.24687812477350235,-0.28722989559173584,-0.07295528799295425
3920,13.25,-1.0114240050315857,-0.02603932060301304,0.010332639515399932,0.0,0.2581056892871857,-0.23686947226524352,-0.2282474786043167,-0.06923266500234604
3930,17.25,-1.1171634793281555,-0.02633522041141987,0.010669472441077233,0.0,0.2559394180774689,-0.2447459802031517,-0.23548662662506104,-0.07982733845710754
3940,16.5,-1.1066694259643555,-0.02623996399343014,0.010968036204576492,0.0,0.25940240919589996,-0.25637411028146745,-0.22594787180423737,-0.06902236491441727
3950,15.125,-1.1425681710243225,-0.03130761291831732,0.009178865328431129,0.0,0.2614801675081253,-0.24614043533802032,-0.28057700395584106,-0.08545567095279694
3960,18.125,-0.8201461732387543,-0.03207648210227489,0.01286176685243845,0.0,0.25851822197437285,-0.24204511791467667,-0.21855638921260834,-0.07796286791563034
3970,13.4375,-1.1124820709228516,-0.02228681035339832,0.02666865549981594,0.0,0.2604377895593643,-0.25588254928588866,-0.257842093706131,-0.04535119980573654
3980,15.125,-1.413731336593628,-0.035748903080821036,0.008268473204225302,0.0,0.260115909576416,-0.24849324971437453,-0.25457537174224854,-0.07784639298915863
3990,16.75,-1.023849904537201,-0.02832719832658768,0.00897163301706314,0.0,0.2615078926086426,-0.25181455463171004,-0.2415095716714859,-0.07953794300556183
4000,18.8125,-1.0125333666801453,-0.02778390496969223,0.010819771699607373,0.0,0.26127817332744596,-0.24443952292203902,-0.22585560381412506,-0.07136852294206619
4010,11.9375,-1.3222312927246094,-0.02906176298856735,0.005745775066316128,0.0,0.2605213403701782,-0.24382864236831664,-0.27119117975234985,-0.0728178471326828
4020,17.8125,-1.148051679134369,-0.027841101214289666,0.019322893396019936,0.0,0.26223773658275606,-0.2497261255979538,-0.3130286931991577,-0.06529344618320465
4030,11.0625,-1.3073251843452454,-0.03341346383094788,0.01075038518756628,0.0,0.25863465666770935,-0.2401332974433899,-0.23530137538909912,-0.07695688307285309
4040,21.875,-0.7222909331321716,-0.032311500236392024,0.00919599188491702,0.0,0.264348977804184,-0.2317852035164833,-0.2215474396944046,-0.07254152745008469
4050,17.1875,-1.031219094991684,-0.02867441326379776,0.008603900298476219,0.0,0.2633255749940872,-0.236128731071949,-0.2603064775466919,-0.0764424055814743
4060,17.5625,-0.9105703234672546,-0.026066986471414567,0.012608090788125992,0.0,0.261407470703125,-0.24092319160699843,-0.23385900259017944,-0.05032455176115036
4070,17.9375,-1.0226925909519196,-0.023084272071719168,0.007695853151381016,0.0,0.2633985012769699,-0.2373502880334854,-0.25024136900901794,-0.06612112373113632
4080,14.375,-1.18967866897583,-0.029697341471910478,0.007020050287246704,0.0,0.263858962059021,-0.22852738797664643,-0.19189125299453735,-0.07456301897764206
4090,18.9375,-0.9982349276542664,-0.02599216252565384,0.009971752949059009,0.0,0.26556875705718996,-0.21712039709091185,-0.19399020075798035,-0.07305445522069931
4100,18.4375,-0.7314298152923584,-0.029788550175726413,0.006133769731968641,0.0,0.2672453701496124,-0.22075490802526473,-0.22994938492774963,-0.08200478553771973
4110,15.3125,-1.232424020767212,-0.024805174581706523,0.018925696983933447,0.0,0.26722013056278227,-0.23043733686208726,-0.2717072367668152,-0.08201935142278671
4120,13.875,-1.2076534032821655,-0.03367506489157677,0.008637548424303532,0.0,0.2701991140842438,-0.2328488662838936,-0.2403404861688614,-0.06422299891710281
4130,18.5,-0.8008678257465363,-0.025637592747807504,0.0064057187177240845,0.0,0.26615600287914276,-0.20916468501091004,-0.18456381559371948,-0.07474784553050995
4140,12.6875,-1.2084547281265259,-0.03298565112054348,0.010248947329819203,0.0,0.27087004780769347,-0.21456288844347,-0.2352997362613678,-0.07062333822250366
4150,23.6875,-0.8259801864624023,-0.03023061342537403,0.005518094450235367,0.0,0.26982381343841555,-0.21878897696733474,-0.23700673878192902,-0.07089540362358093
4160,13.6875,-1.0050036907196045,-0.028255486860871315,0.007620647363364696,0.0,0.27129405438899995,-0.23870985805988312,-0.21355552971363068,-0.07018954306840897
4170,16.125,-0.9912733435630798,-0.029255825839936734,0.009563727490603923,0.0,0.26899977326393126,-0.2217348873615265,-0.1919851303100586,-0.061946265399456024
4180,19.875,-0.7112612426280975,-0.028654209151864053,0.026883483305573462,0.0,0.2675209492444992,-0.23518290519714355,-0.2032969892024994,-0.06724187731742859
4190,25.875,-0.9235086441040039,-0.026436011493206023,0.006421004422008991,0.0,0.2718112528324127,-0.23270620852708818,-0.23741677403450012,-0.07330121099948883
4200,20.5,-0.8092885315418243,-0.025384161807596683,0.006168005149811506,0.0,0.2731233984231949,-0.23016610443592073,-0.1934126317501068,-0.0810723751783371
4210,14.3125,-0.9823551177978516,-0.02901361361145973,0.011797717586159707,0.0,0.27033298313617704,-0.2153410345315933,-0.19740761816501617,-0.03938481956720352
4220,21.125,-0.9178312420845032,-0.028736100904643534,0.00443126792088151,0.0,0.2727652668952942,-0.24150290191173554,-0.22632649540901184,-0.07232443988323212
4230,11.4375,-1.31056547164917,-0.024060921743512154,0.010309658385813237,0.0,0.2731152415275574,-0.23737230598926545,-0.22370398044586182,-0.09262673556804657
4240,12.8125,-1.1067272424697876,-0.026433392241597176,0.00675704088062048,0.0,0.2749859869480133,-0.2200835183262825,-0.23008567094802856,-0.06350763142108917
4250,19.0625,-0.9884379506111145,-0.028199148178100587,0.01369507573544979,0.0,0.27180256843566897,-0.22535452097654343,-0.19640859961509705,-0.05068766325712204
4260,14.5,-1.2219395637512207,-0.029935302585363387,0.016037772595882415,0.0,0.27033103108406065,-0.24558689594268798,-0.26043230295181274,-0.07387010753154755
4270,14.5,-1.0254612565040588,-0.024077759683132173,0.007570578902959824,0.0,0.27081323266029356,-0.23199123293161392,-0.24864360690116882,-0.07486700266599655
4280,12.25,-1.3114761710166931,-0.02964041940867901,0.009674528241157531,0.0,0.27332277297973634,-0.24267806112766266,-0.23802462220191956,-0.0828544944524765
4290,18.3125,-0.8248910307884216,-0.032792972214519975,0.008260807674378156,0.0,0.2727529078722,-0.23899246454238893,-0.24002161622047424,-0.06664344668388367
4300,26.375,-0.7196798026561737,-0.02846390027552843,0.01003362275660038,0.0,0.2744217425584793,-0.22544546872377397,-0.23095907270908356,-0.05646331235766411
4310,22.6875,-0.7975095808506012,-0.028753190115094186,0.008166348189115524,0.0,0.2747336536645889,-0.23813713937997819,-0.18652459979057312,-0.06509947776794434
4320,19.625,-0.9083918929100037,-0.030135547649115323,0.006688347272574902,0.0,0.2763356029987335,-0.23720672130584716,-0.22118496894836426,-0.06136961281299591
4330,19.0,-1.1330973505973816,-0.030683929473161696,0.0054825407452881334,0.0,0.2750512361526489,-0.2324673518538475,-0.28309395909309387,-0.0650029182434082
4340,21.625,-0.9203478395938873,-0.031892900541424754,0.014574492536485194,0.0,0.2771745651960373,-0.23575514405965806,-0.22071832418441772,-0.08377878367900848
4350,13.5625,-1.0284553170204163,-0.028366994857788087,0.01572388969361782,0.0,0.272751048207283,-0.2510799378156662,-0.2902790904045105,-0.04107167571783066
4360,10.8125,-1.2979207634925842,-0.03687113039195537,0.0068664269521832464,0.0,0.2759129613637924,-0.22867909967899322,-0.22574284672737122,-0.0668407529592514
4370,20.375,-0.8546827733516693,-0.03768214657902717,0.011990192718803883,0.0,0.27706203460693357,-0.23719261437654496,-0.30827683210372925,-0.058742061257362366
4380,20.1875,-0.7129399478435516,-0.02829158753156662,0.010532893799245357,0.0,0.2790149599313736,-0.22562921643257142,-0.2006598562002182,-0.07249316573143005
4390,20.375,-0.8182755708694458,-0.027424334734678268,0.005629359465092421,0.0,0.2788761079311371,-0.23470119535923004,-0.21049903333187103,-0.08370183408260345
4400,14.625,-1.0171871781349182,-0.02339318972080946,0.01740522440522909,0.0,0.27811110615730283,-0.22647862732410431,-0.231810063123703,-0.07670402526855469
4410,19.6875,-0.813912570476532,-0.03312040343880653,0.010082399472594261,0.0,0.27945502400398253,-0.23782604932785034,-0.21932902932167053,-0.06434586644172668
4420,20.25,-0.8131826221942902,-0.03068583123385906,0.006335868686437607,0.0,0.281642410159111,-0.22750962376594544,-0.21825037896633148,-0.06362468749284744
4430,17.9375,-0.9408178925514221,-0.030203189700841904,0.013371509127318859,0.0,0.28386191129684446,-0.23517994284629823,-0.27167317271232605,-0.07588235288858414
4440,21.0625,-0.8939729630947113,-0.02361634373664856,0.020189347490668298,0.0,0.28318113684654234,-0.23676294088363647,-0.17615412175655365,-0.07578538358211517
4450,24.0625,-0.939881443977356,-0.026293501444160938,0.011452081426978112,0.0,0.2799144059419632,-0.23192929327487946,-0.24988338351249695,-0.09385764598846436
4460,21.125,-0.9161663949489594,-0.021340097486972808,0.026559541746973992,0.0,0.27982959151268005,-0.23586203753948212,-0.21792210638523102,-0.0801071971654892
4470,17.6875,-0.6159526705741882,-0.025745962187647818,0.01780087426304817,0.0,0.2794922381639481,-0.22772038877010345,-0.19038426876068115,-0.08257504552602768
4480,18.6875,-0.6773824691772461,-0.02437763325870037,0.03492031693458557,0.0,0.2786966472864151,-0.2244867205619812,-0.21665029227733612,0.014315808191895485
4490,14.5625,-1.1251285076141357,-0.03204095419496298,0.016192400269210337,0.0,0.2834983289241791,-0.2302747756242752,-0.24842597544193268,-0.08390867710113525
4500,16.25,-0.904128223657608,-0.033685332909226415,0.01118285208940506,0.0,0.2790078788995743,-0.2326652228832245,-0.23237937688827515,-0.03928598389029503
4510,20.375,-0.7095757126808167,-0.025139762461185454,0.005625158920884133,0.0,0.28188093304634093,-0.2540164619684219,-0.20079445838928223,-0.06707645207643509
4520,17.5625,-0.9328291714191437,-0.030871880054473878,0.022813361883163453,0.0,0.28363723754882814,-0.24579489678144456,-0.2556774318218231,-0.07377085834741592
4530,15.9375,-1.1055190563201904,-0.029147859662771225,0.010020495019853115,0.0,0.28258962631225587,-0.23856761902570725,-0.22286859154701233,-0.06869034469127655
4540,16.6875,-0.8925715684890747,-0.02942324597388506,0.013074393011629581,0.0,0.2858354389667511,-0.23196160048246384,-0.19222775101661682,-0.056051477789878845
4550,14.6875,-1.1024117469787598,-0.03578231371939182,0.016803077422082424,0.0,0.283541077375412,-0.24630300849676132,-0.2197888344526291,-0.06537364423274994
4560,14.875,-1.098245620727539,-0.0297891260124743,0.013586494326591491,0.0,0.2879747062921524,-0.23214076161384584,-0.1990695595741272,-0.07787120342254639
4570,13.75,-1.2268254160881042,-0.030223027616739274,0.016158004477620124,0.0,0.28812839090824127,-0.2291762724518776,-0.2624049186706543,-0.07987546175718307
4580,21.0,-0.7028663158416748,-0.027422931045293808,0.011693257838487625,0.0,0.2868982762098312,-0.2316155269742012,-0.1889714002609253,-0.06466870754957199
4590,18.375,-1.1161589622497559,-0.024777124729007484,0.017191652953624726,0.0,0.2871857970952988,-0.21954980194568635,-0.2449052929878235,-0.06866566091775894
4600,16.9375,-0.832369476556778,-0.029774235375225545,0.011313267983496189,0.0,0.28792513012886045,-0.22331903874874115,-0.24805927276611328,-0.07383652031421661
4610,14.3125,-1.0877342820167542,-0.031017880886793137,0.02274271138012409,0.0,0.2884838879108429,-0.23465842604637147,-0.22651301324367523,-0.028875457122921944
4620,18.75,-0.8155631422996521,-0.020487416721880435,0.011433888785541057,0.0,0.28904969692230226,-0.2386186495423317,-0.20582112669944763,-0.08330827206373215
4630,18.6875,-0.7289059460163116,-0.02836106400936842,0.012683128379285336,0.0,0.28937589526176455,-0.23710483759641648,-0.22699744999408722,-0.08051248639822006
4640,14.125,-1.2136062979698181,-0.031523197889328,0.024989818036556245,0.0,0.2865762025117874,-0.24926539063453673,-0.25858527421951294,-0.057350922375917435
4650,19.0625,-0.8087748885154724,-0.02733226343989372,0.01827961392700672,0.0,0.2875270456075668,-0.23805237114429473,-0.2066781222820282,-0.06848525255918503
4660,18.125,-0.9247178137302399,-0.027199211344122887,0.014862425066530705,0.0,0.28979580402374266,-0.24199058413505553,-0.24080942571163177,-0.07418297976255417
4670,17.0,-0.9150921702384949,-0.023508211970329283,0.007893973682075738,0.0,0.2864592522382736,-0.2358792766928673,-0.22079235315322876,-0.07494406402111053
4680,21.1875,-0.9287869036197662,-0.029755083844065666,0.01928620897233486,0.0,0.28751935064792633,-0.25490126460790635,-0.2349528968334198,-0.08844515681266785
4690,21.0625,-1.02273827791214,-0.03918059505522251,0.00781800802797079,0.0,0.2874256491661072,-0.23568809479475022,-0.25269967317581177,-0.06649577617645264
4700,14.8125,-1.0305088460445404,-0.029216192290186883,0.014407358318567275,0.0,0.28499162197113037,-0.2404974177479744,-0.2602956295013428,-0.07471059262752533
4710,16.375,-1.210227608680725,-0.03296147957444191,0.0071944424882531164,0.0,0.2872477829456329,-0.25015654414892197,-0.23392125964164734,-0.07396513968706131
4720,18.375,-0.730277806520462,-0.03170047216117382,0.007877120096236468,0.0,0.28689460158348085,-0.2384440302848816,-0.23299090564250946,-0.07521440088748932
4730,12.875,-1.0854597687721252,-0.030285820923745634,0.0079532690346241,0.0,0.2890220433473587,-0.22351530194282532,-0.1806860715150833,-0.07153288275003433
4740,11.5625,-1.2968924641609192,-0.03576974049210548,0.004955755360424518,0.0,0.29011050164699553,-0.24241184294223786,-0.23043251037597656,-0.06325888633728027
4750,14.5,-1.1161166429519653,-0.026935727894306184,0.01733802743256092,0.0,0.2917606681585312,-0.2327223911881447,-0.24347712099552155,-0.07159396260976791
4760,28.4375,-0.42158377170562744,-0.025380777195096016,0.015512679517269135,0.0,0.2916176408529282,-0.23355598300695418,-0.19688910245895386,-0.07085765898227692
4770,13.8125,-1.1208474040031433,-0.032852427661418916,0.02045438624918461,0.0,0.2922998309135437,-0.23338369578123092,-0.2313082218170166,-0.09263646602630615
4780,19.3125,-1.0062237083911896,-0.03221434466540814,0.012707077339291573,0.0,0.2921673446893692,-0.22270060926675797,-0.2116081267595291,-0.07466650009155273
4790,17.0,-1.0311630368232727,-0.03272645995020866,0.015600195527076722,0.0,0.29100621342658994,-0.2394819438457489,-0.26636677980422974,-0.06972244381904602
4800,18.875,-0.8960686326026917,-0.02699942160397768,0.006237420812249183,0.0,0.29018622636795044,-0.22042840272188186,-0.1992994248867035,-0.05837910994887352
4810,19.0,-0.9134437739849091,-0.030236061289906503,0.011421022564172744,0.0,0.29243278205394746,-0.23770096898078918,-0.22848118841648102,-0.06454106420278549
4820,18.375,-0.8345302939414978,-0.03460789993405342,0.013504152745008468,0.0,0.2930186688899994,-0.23789927065372468,-0.25762781500816345,-0.0687163919210434
4830,20.4375,-0.838394820690155,-0.026030164770781995,0.0046006089076399805,0.0,0.29273312985897065,-0.2320460557937622,-0.2618568539619446,-0.07272147387266159
4840,12.5,-1.0132791996002197,-0.03187950868159532,0.014250619150698186,0.0,0.2956459105014801,-0.23851505666971207,-0.2327994853258133,-0.06866754591464996
4850,15.6875,-1.0033417046070099,-0.02976932153105736,0.006558347679674626,0.0,0.2926709562540054,-0.2308553233742714,-0.2147389054298401,-0.06549711525440216
4860,14.5,-1.3152872323989868,-0.034050142392516136,0.01919093169271946,0.0,0.29387776255607606,-0.24345774650573732,-0.2654685974121094,-0.06330907344818115
4870,20.1875,-1.1232863068580627,-0.02800358384847641,0.01389153003692627,0.0,0.2949344515800476,-0.22822032123804092,-0.24661485850811005,-0.08099382370710373
4880,19.5,-0.8857877254486084,-0.033380139246582986,0.018161188811063766,0.0,0.2920138716697693,-0.21635615229606628,-0.18787044286727905,-0.05010627210140228
4890,15.8125,-1.021833062171936,-0.034188433177769186,0.013148673251271248,0.0,0.29522470831871034,-0.2397776335477829,-0.2477891594171524,-0.07027824223041534
4900,25.6875,-0.7169651687145233,-0.03342937473207712,0.011795939318835736,0.0,0.29589219987392423,-0.22944147437810897,-0.2166232466697693,-0.06651642918586731
4910,22.9375,-0.7956107258796692,-0.022947064042091368,0.011909369751811028,0.0,0.29641722738742826,-0.21046951413154602,-0.18150922656059265,-0.06773071736097336
4920,16.25,-1.019815057516098,-0.03300136886537075,0.0071940825320780276,0.0,0.29903334081172944,-0.22139322012662888,-0.23858484625816345,-0.07558833807706833
4930,17.0,-0.8879231214523315,-0.02591683492064476,0.0399277538061142,0.0,0.29590769708156583,-0.21935103982686996,-0.22873835265636444,-0.013368849642574787
4940,11.1875,-1.323310136795044,-0.03414230309426784,0.018964019045233725,0.0,0.2965460270643234,-0.2272793173789978,-0.26608961820602417,-0.07884500920772552
4950,12.9375,-1.1450309753417969,-0.029206445068120958,0.006415776070207357,0.0,0.2974473625421524,-0.23717264086008072,-0.3006635308265686,-0.07064954936504364
4960,16.5625,-0.7304735779762268,-0.02582724541425705,0.02195519916713238,0.0,0.2954529494047165,-0.21986478120088576,-0.2228531688451767,-0.08781085908412933
4970,19.0,-1.0152146518230438,-0.026816373877227306,0.013021272979676724,0.0,0.3014635592699051,-0.21624638587236406,-0.22977545857429504,-0.07516713440418243
4980,12.5,-1.284622848033905,-0.02477154601365328,0.01655054111033678,0.0,0.2998091220855713,-0.21831019520759581,-0.19242462515830994,-0.07530409097671509
4990,16.6875,-0.8179024159908295,-0.03071728181093931,0.005858794320374727,0.0,0.3012798666954041,-0.20948881208896636,-0.21434125304222107,-0.07938520610332489
5000,14.0,-1.2143293619155884,-0.02819331083446741,0.0082102932035923,0.0,0.29834544360637666,-0.2058642789721489,-0.2467079758644104,-0.07318082451820374
