epoch,lifetime,reward_mean,policy_loss,value_loss,score_real__/full,score_fake__/full
1,8.0,0.013318541459739208,0.36012346148490904,0.36876665353775023,0.021422650665044785,0.013685226440429688
10,17.21875,-0.03484496474266052,-0.015642210468649866,1.3193270206451415,0.025817152940564685,0.009974789288308885
20,18.6875,-0.02695125713944435,-0.022507204860448837,1.1488758325576782,0.030046793259680273,0.0049917448312044145
30,25.5625,-0.027201199904084206,-0.023251236230134965,0.2071797102689743,0.033068276941776276,-0.0004798497073352337
40,21.15625,-0.03241496533155441,-0.020030451659113168,0.13668227195739746,0.036151987686753276,-0.010202473448589443
50,20.25,-0.05588030815124512,-0.019477905705571175,0.06556809097528457,0.04128293395042419,-0.01957072988152504
60,18.84375,-0.06351315230131149,-0.025419087335467338,0.04968423098325729,0.04716307334601879,-0.029726744629442692
70,16.1875,-0.0943225845694542,-0.02248147949576378,0.0701379656791687,0.05151606909930706,-0.04151042178273201
80,18.09375,-0.0693906620144844,-0.02151375375688076,0.03136368803679943,0.05779143162071705,-0.055104907229542734
90,19.0625,-0.08779096603393555,-0.026273395493626596,0.04182476326823235,0.06513961851596832,-0.06539224646985531
100,16.21875,-0.0998343825340271,-0.024840091913938524,0.11436357796192169,0.07000892981886864,-0.07550519332289696
110,19.5,-0.11482210457324982,-0.021495645493268968,0.18290745615959167,0.07607589438557624,-0.08360352590680123
120,22.6875,-0.12638050317764282,-0.023118195682764055,0.0434036485850811,0.08173952922224999,-0.09092510789632798
130,23.6875,-0.12272551655769348,-0.021530883759260176,0.05307374149560928,0.08764391392469406,-0.09752715080976486
140,20.09375,-0.1317259967327118,-0.02084159664809704,0.029930379986763,0.09266950711607932,-0.10484300181269646
150,18.375,-0.15876343846321106,-0.023191403597593307,0.016117144376039505,0.09673451706767082,-0.11555270552635193
160,18.84375,-0.1650860607624054,-0.023357339203357697,0.009710335358977317,0.10239457488059997,-0.1283188983798027
170,18.75,-0.18105240166187286,-0.02255713678896427,0.008772106654942036,0.10634187161922455,-0.13989283442497252
180,23.53125,-0.1845385879278183,-0.02123471200466156,0.01492976937443018,0.110526904463768,-0.1526882141828537
190,19.90625,-0.19939246773719788,-0.025322457402944566,0.010724838078022002,0.11434396132826805,-0.16494247019290925
200,24.1875,-0.20125073194503784,-0.020210827328264715,0.010250135511159896,0.1173390083014965,-0.17616792023181915
210,21.84375,-0.20994746685028076,-0.02307447660714388,0.006730492506176233,0.12095009610056877,-0.19127941131591797
220,17.84375,-0.2174789011478424,-0.02292005866765976,0.015541340969502927,0.12338075637817383,-0.20104048252105713
230,24.375,-0.24426156282424927,-0.02520889025181532,0.006042052246630192,0.1285025358200073,-0.21206268072128295
240,17.21875,-0.26622533798217773,-0.02119302786886692,0.009138885699212552,0.13096951991319655,-0.2272445410490036
251,8.0,-0.18945258855819702,-0.06528081987053155,0.028498648665845394,0.12958389520645142,-0.18767541646957397
260,19.90625,-0.27094632387161255,-0.028716603107750416,0.015132969990372658,0.13824992875258127,-0.24666369126902687
270,19.0,-0.27950912714004517,-0.022331072390079497,0.0060378782451152805,0.1419760525226593,-0.2596245095133781
280,23.5,-0.2954674959182739,-0.026023336313664915,0.006794768199324608,0.1459932804107666,-0.271359384059906
290,19.625,-0.3044949769973755,-0.025589030981063843,0.005563451815396548,0.15072429031133652,-0.2872069954872131
300,20.65625,-0.30945026874542236,-0.025062033161520957,0.007864845264703036,0.15447210967540742,-0.29628574550151826
310,20.28125,-0.3338802754878998,-0.0236639317125082,0.006392603553831577,0.15861853063106537,-0.3061165511608124
320,16.21875,-0.3317797780036926,-0.020242835208773614,0.005235991906374693,0.1600096583366394,-0.3143172115087509
330,20.09375,-0.3318057656288147,-0.021040319837629794,0.003915767557919026,0.16516673862934111,-0.32322055995464327
340,21.0,-0.3288072347640991,-0.025077170319855215,0.006060013081878424,0.1689620241522789,-0.32530492544174194
350,20.71875,-0.35165613889694214,-0.022962353751063348,0.0028814269229769708,0.171085125207901,-0.3332920104265213
360,18.0625,-0.3563374876976013,-0.020131222531199457,0.006058459915220737,0.17493415474891663,-0.33596980571746826
370,19.875,-0.35346025228500366,-0.02650110349059105,0.003948580427095294,0.1774950161576271,-0.34292502105236056
380,19.25,-0.3650791347026825,-0.0292669340968132,0.003532626386731863,0.18152889758348464,-0.350637948513031
390,21.09375,-0.37438836693763733,-0.024216551333665848,0.002161352662369609,0.18334002643823624,-0.35297847986221315
400,20.53125,-0.36634644865989685,-0.02920908238738775,0.0028237516060471536,0.1856047585606575,-0.36194891929626466
410,19.15625,-0.38200587034225464,-0.023987165465950967,0.004907718766480685,0.19011933356523514,-0.36432866752147675
420,18.59375,-0.38104915618896484,-0.0250224269926548,0.004142994713038206,0.19271102398633957,-0.37147449254989623
430,20.59375,-0.3784780502319336,-0.026143483817577362,0.003926942776888609,0.1935816675424576,-0.3675489455461502
440,16.03125,-0.3850772976875305,-0.022674685902893545,0.0077828804962337015,0.19813772886991501,-0.36573855876922606
450,21.6875,-0.3740171194076538,-0.025014080107212067,0.008080675080418587,0.20102737545967103,-0.36737917065620423
460,19.8125,-0.3914740979671478,-0.021942127496004105,0.003632948314771056,0.20218626260757447,-0.36490328013896944
470,19.3125,-0.3982286751270294,-0.02477680891752243,0.004290983732789755,0.20289423167705536,-0.37700008749961855
480,14.21875,-0.39614981412887573,-0.019635369628667833,0.003084586327895522,0.2039560317993164,-0.38051396906375884
490,16.5,-0.4132912755012512,-0.01844635419547558,0.004032787447795272,0.20509479194879532,-0.3916239827871323
500,20.03125,-0.4197915196418762,-0.026599637791514398,0.003622161969542503,0.20610308051109313,-0.40010806620121003
510,18.28125,-0.41594183444976807,-0.025684997998178007,0.0033260479103773832,0.20741127133369447,-0.4043193072080612
520,19.28125,-0.4342195689678192,-0.022601436451077463,0.002426772564649582,0.20775312334299087,-0.41020186245441437
530,18.34375,-0.43992239236831665,-0.020500773936510085,0.003300672536715865,0.20932535827159882,-0.4163977295160294
540,21.4375,-0.44151368737220764,-0.02011365331709385,0.0031960479449480773,0.21011608392000197,-0.42739379703998565
550,24.21875,-0.4664442539215088,-0.01942133530974388,0.0023704868741333484,0.2112609937787056,-0.4330508381128311
560,20.59375,-0.46094489097595215,-0.02273542359471321,0.001905076880939305,0.21411864161491395,-0.4377396047115326
570,16.9375,-0.4664682149887085,-0.024638940393924714,0.0027225960046052934,0.2143791601061821,-0.44671390056610105
580,22.375,-0.45496898889541626,-0.023140917904675005,0.002505191508680582,0.21622248589992524,-0.44354428052902223
590,18.46875,-0.45992547273635864,-0.02448996938765049,0.002402330655604601,0.21767741292715073,-0.45080187618732454
600,19.1875,-0.46662241220474243,-0.021636853367090224,0.001697888900525868,0.2165975645184517,-0.4577215760946274
610,16.375,-0.48767077922821045,-0.02064037136733532,0.002391565311700106,0.21985691040754318,-0.46284584403038026
620,14.5,-0.4563702940940857,-0.027849063836038114,0.0031433518044650553,0.2203347310423851,-0.46135659515857697
630,20.25,-0.5007592439651489,-0.022218942269682886,0.002576153725385666,0.224398110806942,-0.4681274086236954
640,18.09375,-0.471213161945343,-0.024134444072842598,0.005972103588283062,0.22216476649045944,-0.4730692863464355
650,20.5625,-0.4863507151603699,-0.020370594039559365,0.00616977596655488,0.22624048739671707,-0.46703397333621977
660,16.875,-0.4888501763343811,-0.023515672236680985,0.003071196191012859,0.22630775570869446,-0.4782940626144409
670,16.40625,-0.4955734610557556,-0.019879452511668207,0.0023662985768169165,0.22759582698345185,-0.4865667551755905
680,17.4375,-0.5002705454826355,-0.02231132350862026,0.0025741247460246085,0.22962978184223176,-0.48723550140857697
690,16.75,-0.49522721767425537,-0.019445347413420678,0.0034045466221868993,0.23071850091218948,-0.4865598171949387
700,19.78125,-0.5013558268547058,-0.026131604984402656,0.0020835764007642865,0.23336497992277144,-0.49393955767154696
710,16.90625,-0.48844191431999207,-0.021592872403562068,0.0037218415178358554,0.23530180305242537,-0.49585295021533965
720,18.0,-0.5165590047836304,-0.02199024595320225,0.0035949832759797572,0.23694001883268356,-0.49788535535335543
730,16.53125,-0.5090417861938477,-0.021475230902433397,0.0015723884338513018,0.23708850443363189,-0.4975761383771896
740,17.84375,-0.5299367904663086,-0.017404677346348763,0.002694839704781771,0.2377864047884941,-0.5066501557826996
750,20.5625,-0.526770830154419,-0.011502249166369438,0.002833232702687383,0.23922688513994217,-0.5114498108625412
760,17.40625,-0.5446107387542725,-0.028288019262254237,0.004320132220163942,0.2391684725880623,-0.5160153806209564
770,17.96875,-0.5281133651733398,-0.02849022373557091,0.00250922623090446,0.24158121198415755,-0.5131299167871475
780,16.78125,-0.5247205495834351,-0.01578235812485218,0.003275446128100157,0.24579543322324754,-0.5110964268445969
790,16.3125,-0.5233337879180908,-0.022577451914548873,0.003287427918985486,0.24738477170467377,-0.5202268481254577
800,16.4375,-0.5146903395652771,-0.024978150427341462,0.002868764940649271,0.24953650683164597,-0.5159888982772827
810,17.15625,-0.5273589491844177,-0.016691982466727494,0.0029132441151887177,0.25051010251045225,-0.5261633455753326
820,17.375,-0.5250128507614136,-0.020755970478057863,0.004534170776605606,0.24982008337974548,-0.5258101880550384
830,17.71875,-0.5587221384048462,-0.022925514727830887,0.005930614843964577,0.25281872749328616,-0.5277727216482162
840,18.34375,-0.5565294027328491,-0.019435995444655418,0.005114835314452648,0.2538538187742233,-0.5306007146835328
850,13.75,-0.5207831263542175,-0.021110058203339575,0.0033653641119599344,0.2544165149331093,-0.5352647542953491
860,17.5,-0.5571185350418091,-0.019771008193492888,0.005556252878159284,0.256917667388916,-0.542781126499176
870,15.78125,-0.5198114514350891,-0.02318069785833359,0.004578238073736429,0.25836421251297,-0.5414461314678192
880,20.875,-0.5623688697814941,-0.026223207637667657,0.0038421394303441046,0.25720552206039426,-0.5398303985595703
890,19.1875,-0.5366752743721008,-0.02637235391885042,0.003682171506807208,0.2595014452934265,-0.5435857117176056
900,15.5,-0.5707117319107056,-0.02015083283185959,0.0039633146952837706,0.2617615252733231,-0.5453206777572632
910,16.375,-0.5485498905181885,-0.02508719116449356,0.004364355839788914,0.2627167493104935,-0.544769150018692
920,17.25,-0.5807589292526245,-0.021903800964355468,0.003331618383526802,0.26350477039813996,-0.5529877126216889
930,18.59375,-0.5487108826637268,-0.028404136002063752,0.0038903608918190004,0.26443166732788087,-0.5485305964946747
940,14.125,-0.5627670288085938,-0.024329495429992676,0.006585957296192646,0.26508215963840487,-0.5484571754932404
950,21.3125,-0.6139256954193115,-0.024152365699410438,0.003211693651974201,0.2684712022542953,-0.551774549484253
960,16.53125,-0.5371821522712708,-0.02741652764379978,0.004765408765524626,0.2665571689605713,-0.5572067379951477
970,17.0,-0.6006186008453369,-0.01934628579765558,0.0038988472893834113,0.266850084066391,-0.556227058172226
980,19.40625,-0.574035108089447,-0.02249473351985216,0.004959878232330084,0.26721589267253876,-0.5594144225120544
990,17.15625,-0.5715914964675903,-0.025516948103904723,0.004294515401124954,0.27217895090579985,-0.5593105673789978
1000,16.40625,-0.5454485416412354,-0.027920020371675493,0.006239493377506733,0.270937317609787,-0.5554650485515594
1010,16.53125,-0.5493603348731995,-0.029860875010490416,0.0037740412168204784,0.27300679087638857,-0.5562543272972107
1020,17.375,-0.5721203088760376,-0.022048290073871612,0.006206510029733181,0.27295141518115995,-0.5647999882698059
1030,17.46875,-0.5888887643814087,-0.021679607033729554,0.009184248372912407,0.2743699312210083,-0.5695957601070404
1040,12.3125,-0.5736525654792786,-0.021968253329396246,0.004768883716315031,0.2738646030426025,-0.5714391052722931
1050,15.6875,-0.5913591384887695,-0.02454836927354336,0.004649805184453726,0.2754554867744446,-0.5669860005378723
1060,15.65625,-0.5597634315490723,-0.024888305738568307,0.010430123936384917,0.2767590910196304,-0.5660748779773712
1070,16.78125,-0.5992907285690308,-0.026192841306328773,0.007626054808497429,0.2786761373281479,-0.5779406309127808
1080,17.9375,-0.5509737730026245,-0.022116117551922797,0.008097493276000022,0.2799815058708191,-0.5695025146007537
1090,15.25,-0.5484620928764343,-0.02734231948852539,0.007190998457372188,0.28143311738967897,-0.5651321709156036
1100,16.40625,-0.5582150816917419,-0.021278887800872327,0.007786667626351118,0.27973767518997195,-0.5591815054416657
1110,18.40625,-0.5729935169219971,-0.019186030607670546,0.015248158574104309,0.2816877454519272,-0.5616279602050781
1120,14.4375,-0.5751650333404541,-0.025697919726371764,0.00924431374296546,0.28426620960235593,-0.5670031130313873
1130,14.96875,-0.5606650114059448,-0.024029043689370155,0.009372120536863805,0.28288719356060027,-0.5583706378936768
1140,17.09375,-0.6041074991226196,-0.025273399800062178,0.018798356875777245,0.2833084166049957,-0.5668213665485382
1150,16.75,-0.5906593799591064,-0.019350602105259896,0.01743175685405731,0.2829782128334045,-0.5611991107463836
1160,18.59375,-0.5475442409515381,-0.02788803745061159,0.00823215851560235,0.2858330875635147,-0.5408223927021026
1170,18.03125,-0.5617036819458008,-0.028542511537671088,0.019814997911453247,0.2883026659488678,-0.548706591129303
1180,17.0625,-0.5757503509521484,-0.022208309918642043,0.021467728540301323,0.28685683012008667,-0.5396808326244354
1190,15.34375,-0.5495687127113342,-0.025935585796833038,0.012860890850424767,0.28739458620548247,-0.5516571998596191
1200,13.375,-0.5575820207595825,-0.0278291542083025,0.012969121709465981,0.28831857442855835,-0.5553713619709015
1210,17.96875,-0.5573253631591797,-0.02903561480343342,0.027676562219858168,0.2875244379043579,-0.5546180963516235
1220,15.875,-0.535796046257019,-0.02653722818940878,0.01038435883820057,0.28882395327091215,-0.5333547294139862
1230,16.84375,-0.5350757241249084,-0.028633659519255162,0.014747489802539348,0.28978268802165985,-0.5296310365200043
1240,12.4375,-0.5440711975097656,-0.027670830860733985,0.013359323889017106,0.29188613295555116,-0.5267473340034485
1250,16.1875,-0.5036323070526123,-0.02849298305809498,0.010958956740796565,0.28998046219348905,-0.5130896091461181
1260,15.78125,-0.5290867686271667,-0.03418100066483021,0.013605156168341636,0.2918244957923889,-0.5173755824565888
1270,19.5,-0.5020508170127869,-0.035471754334867,0.010251788049936294,0.2894740641117096,-0.5150222837924957
1280,17.40625,-0.5457080006599426,-0.026334627345204354,0.015359503403306007,0.2879834294319153,-0.5120667725801468
1290,15.84375,-0.535584568977356,-0.033235276490449904,0.010002635419368744,0.28897533714771273,-0.5254368185997009
1300,17.59375,-0.5179427862167358,-0.03355960212647915,0.01040197778493166,0.2899386674165726,-0.5156335175037384
1310,15.875,-0.5518320798873901,-0.03739888835698366,0.00762063842266798,0.2876450181007385,-0.5421553730964661
1320,18.125,-0.5391572713851929,-0.030319316312670708,0.007467559166252613,0.28830396234989164,-0.5401406228542328
1330,17.71875,-0.5502933263778687,-0.025338463857769965,0.013746769726276397,0.2889993727207184,-0.5258399307727813
1340,18.15625,-0.5667998790740967,-0.02223427128046751,0.0056226653046906,0.28875204026699064,-0.5400652825832367
1350,14.03125,-0.5346401929855347,-0.03169036917388439,0.006939188204705715,0.286184287071228,-0.5439066350460052
1360,16.4375,-0.5462969541549683,-0.035859763622283936,0.007118126284331084,0.2887412220239639,-0.5449099659919738
1370,15.46875,-0.5330213308334351,-0.027814372815191744,0.008016850426793098,0.286777526140213,-0.5421718478202819
1380,15.0,-0.5450226068496704,-0.025784318521618842,0.01387065351009369,0.2870914310216904,-0.5465079247951508
1390,13.1875,-0.5716028213500977,-0.022209203615784646,0.01331705953925848,0.2878538280725479,-0.5413008570671082
1400,15.3125,-0.5375161170959473,-0.03143782392144203,0.008847987838089466,0.28818242251873016,-0.5487652599811554
1410,17.25,-0.5809623003005981,-0.02893288917839527,0.015829752385616302,0.2875440359115601,-0.5555964648723603
1420,17.65625,-0.553483247756958,-0.01883275471627712,0.028914862126111985,0.28723616898059845,-0.5472064256668091
1430,15.3125,-0.5640381574630737,-0.02771233841776848,0.021287461370229722,0.2871077060699463,-0.5539027869701385
1440,13.53125,-0.5687286853790283,-0.021184302866458893,0.025962672382593154,0.2859129399061203,-0.555446881055832
1450,16.9375,-0.5703096389770508,-0.020194129645824434,0.022880570963025093,0.287051323056221,-0.5535028040409088
1460,14.1875,-0.5538927912712097,-0.02075844965875149,0.07349675595760345,0.2869939088821411,-0.5589781641960144
1470,12.90625,-0.5278288125991821,-0.0360823318362236,0.009394680242985487,0.28726001381874083,-0.559503972530365
1480,18.8125,-0.5702750086784363,-0.021786590665578844,0.019417936354875563,0.29033066630363463,-0.5536916077136993
1490,14.28125,-0.5777928829193115,-0.031517678126692775,0.007511685602366924,0.2871716350317001,-0.5520568251609802
1500,14.625,-0.5722497701644897,-0.026101702265441416,0.016372108832001686,0.28924696445465087,-0.5563294529914856
1510,18.09375,-0.5621558427810669,-0.02814829461276531,0.007535755075514317,0.2893268495798111,-0.5581798315048218
1520,15.53125,-0.6021280884742737,-0.03262344300746918,0.011023185029625893,0.2894048929214478,-0.5641310155391693
1530,15.90625,-0.5759459137916565,-0.024097990244627,0.0117476312443614,0.2906531453132629,-0.5651592135429382
1540,13.71875,-0.5852532386779785,-0.026500291377305984,0.011900924332439899,0.2893060684204102,-0.56111781001091
1550,18.8125,-0.5656159520149231,-0.027112383767962454,0.0077257732860744,0.2893224537372589,-0.5612952947616577
1560,14.59375,-0.5430464744567871,-0.03181439582258463,0.013781910017132758,0.28987533748149874,-0.5578116297721862
1570,18.71875,-0.5934993028640747,-0.027785499766469,0.010434394516050816,0.2904455363750458,-0.5616888642311096
1580,15.59375,-0.5681689381599426,-0.035595298185944556,0.00423263618722558,0.2899493485689163,-0.5639494776725769
1590,15.53125,-0.564245343208313,-0.02646429240703583,0.009322435222566127,0.2913089096546173,-0.564165723323822
1600,18.96875,-0.5764608383178711,-0.02375810332596302,0.010877697169780732,0.2917636811733246,-0.5680482745170593
1610,14.8125,-0.582036018371582,-0.02469274215400219,0.011483531817793846,0.2898394763469696,-0.5647758305072784
1620,12.09375,-0.585161566734314,-0.02148172687739134,0.06417220383882523,0.2910392999649048,-0.5693595111370087
1630,16.8125,-0.5763916969299316,-0.024558136239647865,0.017311215028166772,0.29145693480968476,-0.575259017944336
1640,15.65625,-0.5702431797981262,-0.023438025452196597,0.010049821808934212,0.29239992797374725,-0.5675744473934173
1650,14.375,-0.5948029160499573,-0.02836734727025032,0.00780625082552433,0.29028080105781556,-0.5711735129356384
1660,13.90625,-0.5597301721572876,-0.02921951822936535,0.011724903807044029,0.29279945492744447,-0.5686078369617462
1670,17.03125,-0.584082841873169,-0.028096196800470354,0.008143850695341825,0.2921884059906006,-0.5719669103622437
1680,15.28125,-0.607850193977356,-0.03553808592259884,0.008514745347201823,0.2933692216873169,-0.5746957302093506
1690,16.59375,-0.5772161483764648,-0.026423909328877927,0.01634792983531952,0.2933173656463623,-0.5660224616527557
1700,16.84375,-0.5852563381195068,-0.027783089876174928,0.014702943153679371,0.2939281016588211,-0.5707633197307587
1710,12.0,-0.5748776793479919,-0.03013904169201851,0.014296653121709824,0.2937719732522964,-0.5751874685287476
1720,14.375,-0.5860176682472229,-0.033290945738554,0.008064659778028727,0.29336693584918977,-0.5744637966156005
1730,16.09375,-0.6044182181358337,-0.02136423923075199,0.01232739519327879,0.29548364579677583,-0.5741984188556671
1740,13.15625,-0.5830955505371094,-0.02363431304693222,0.021325457096099853,0.2941597938537598,-0.5801625847816467
1750,11.5,-0.5943101644515991,-0.030354227125644683,0.008900871500372887,0.2944536179304123,-0.5878322541713714
1760,11.75,-0.6010512113571167,-0.027344013936817645,0.019181926548480988,0.2916618138551712,-0.5899202108383179
1770,16.34375,-0.6268274784088135,-0.026814041286706926,0.020377299189567565,0.2976590722799301,-0.5838736832141876
1780,17.6875,-0.6008625030517578,-0.026106083765625954,0.03125849366188049,0.2950133174657822,-0.5774386525154114
1790,13.96875,-0.6078301668167114,-0.022549130395054816,0.02680272199213505,0.2968175202608109,-0.5851418852806092
1800,12.0,-0.5764546394348145,-0.02212226055562496,0.02683713622391224,0.2942260682582855,-0.5753209233283997
1810,16.78125,-0.5926856398582458,-0.020219671726226806,0.006554205808788538,0.3001505762338638,-0.582960718870163
1820,14.71875,-0.5999258756637573,-0.025810550712049008,0.011952550709247589,0.2978717416524887,-0.5865031003952026
1830,14.6875,-0.5882843732833862,-0.020853617414832114,0.03572464436292648,0.2979162484407425,-0.5852061331272125
1840,13.5625,-0.5993402600288391,-0.02255471833050251,0.012810283340513706,0.2974857121706009,-0.5884801208972931
1850,13.90625,-0.5747073888778687,-0.029297462478280068,0.013250756822526456,0.2992364078760147,-0.5857033610343934
1860,11.71875,-0.6248955130577087,-0.02810910176485777,0.015089466795325279,0.2983107179403305,-0.5935272157192231
1870,12.75,-0.6029845476150513,-0.026726708002388477,0.011773001588881015,0.3002899497747421,-0.5834166526794433
1880,12.34375,-0.5999314785003662,-0.022316700592637063,0.01740337014198303,0.29968504309654237,-0.5927697658538819
1890,14.8125,-0.6287784576416016,-0.02501874677836895,0.016620583832263947,0.3015134155750275,-0.5890413403511048
1900,11.6875,-0.5794728398323059,-0.0292412880808115,0.012722456455230713,0.3009456962347031,-0.590385913848877
1910,15.125,-0.6038750410079956,-0.020358701795339586,0.04527265727519989,0.3016780763864517,-0.5888452231884003
1920,13.8125,-0.5869551301002502,-0.020383412577211858,0.0340870700776577,0.3030927985906601,-0.5854951322078705
1930,10.34375,-0.5748956799507141,-0.025888032838702203,0.016411091573536395,0.30088788866996763,-0.5899647831916809
1940,10.8125,-0.548173725605011,-0.030483156442642212,0.010454310476779938,0.3031486690044403,-0.5885916948318481
1950,7.9375,-0.595149040222168,-0.031868194416165355,0.022417229041457175,0.30421664416790006,-0.5900856018066406
1960,15.59375,-0.5879029035568237,-0.029605857282876968,0.02197822742164135,0.3031981706619263,-0.5883555591106415
1970,11.96875,-0.6058947443962097,-0.024311551079154014,0.009434243105351925,0.30461240410804746,-0.5863299310207367
1980,11.59375,-0.5771052837371826,-0.031027855165302754,0.01143893375992775,0.3042610377073288,-0.5923562228679657
1990,10.09375,-0.6087565422058105,-0.021703666262328624,0.02618917040526867,0.30485945343971255,-0.5949840664863586
2000,13.53125,-0.599571168422699,-0.028790025413036345,0.03795932978391647,0.3045152842998505,-0.5980698764324188
2010,11.28125,-0.6186080574989319,-0.02528579719364643,0.011167030222713948,0.30804463326931,-0.5922206044197083
2020,11.625,-0.587432861328125,-0.025898075476288796,0.023172451928257943,0.30675590336322783,-0.5927167356014251
2030,12.6875,-0.6114745140075684,-0.027291909232735632,0.021206944808363916,0.30709772408008573,-0.5909482181072235
2040,9.03125,-0.551337480545044,-0.029047483392059804,0.010179357789456844,0.30602807402610777,-0.5893076062202454
2050,14.21875,-0.6010420322418213,-0.026599004864692688,0.022919952869415283,0.3078758031129837,-0.5910722553730011
2060,11.9375,-0.614772617816925,-0.026863540336489678,0.021142711490392686,0.3080224633216858,-0.584555321931839
2070,11.1875,-0.5852346420288086,-0.028644777089357375,0.012095327675342559,0.30738754868507384,-0.5931961476802826
2080,12.8125,-0.5812299847602844,-0.028389687463641167,0.008598294854164124,0.3085383832454681,-0.5908307075500489
2090,11.96875,-0.576543390750885,-0.021089021116495132,0.007029391638934612,0.3075376093387604,-0.5934707760810852
2100,12.09375,-0.5946478843688965,-0.033621704950928685,0.008911999501287937,0.30946325361728666,-0.5948586642742157
2110,13.71875,-0.5980340242385864,-0.02180412970483303,0.0040315570775419475,0.31068579852581024,-0.5879756152629853
2120,9.53125,-0.5736830830574036,-0.020107433572411536,0.04631549641489983,0.3093481332063675,-0.589805269241333
2130,12.3125,-0.5852838754653931,-0.02448113337159157,0.010021976567804814,0.31048033237457273,-0.5886963248252869
2140,14.75,-0.6150578260421753,-0.0339617807418108,0.014954729937016964,0.308829465508461,-0.5892131447792053
2150,12.65625,-0.5859445929527283,-0.029955894500017167,0.15838306844234468,0.31185323297977446,-0.5792431950569152
2160,13.28125,-0.607417106628418,-0.02865562289953232,0.026642554625868797,0.31250958442687987,-0.5873561918735504
2170,10.90625,-0.5772202610969543,-0.027987761050462724,0.04043503925204277,0.3119330763816833,-0.5900406777858734
2180,12.96875,-0.5962716937065125,-0.02772350050508976,0.01970963291823864,0.3103101074695587,-0.5926984965801239
2190,9.46875,-0.5970522165298462,-0.023106421530246734,0.02811349369585514,0.3119167864322662,-0.5941721320152282
2200,12.6875,-0.6062994599342346,-0.02488570846617222,0.044027002155780794,0.3141618847846985,-0.5907791018486023
2210,13.875,-0.5893970727920532,-0.026353397220373154,0.020989306271076202,0.3134008586406708,-0.5893818020820618
2220,12.625,-0.5685659646987915,-0.031083960458636282,0.014094913005828857,0.31138853132724764,-0.5885356903076172
2230,10.65625,-0.5787554383277893,-0.02441846989095211,0.06562475562095642,0.31417056918144226,-0.5925466418266296
2240,11.4375,-0.5767079591751099,-0.030949100479483606,0.010765736363828183,0.313049453496933,-0.5854675531387329
2250,12.6875,-0.6069742441177368,-0.022760362923145296,0.015079745277762412,0.3131157785654068,-0.5901631593704224
2260,15.71875,-0.5852558612823486,-0.030125214718282223,0.02354629971086979,0.31379823982715604,-0.585478138923645
2270,9.1875,-0.5975565910339355,-0.026234213262796402,0.030764142423868178,0.3154808968305588,-0.5897177159786224
2280,11.15625,-0.6383105516433716,-0.026291722431778908,0.017165181413292884,0.31548908948898313,-0.5943047761917114
2290,14.21875,-0.6098520755767822,-0.023303100652992726,0.08636437058448791,0.3158488541841507,-0.587009871006012
2300,9.78125,-0.5864789485931396,-0.027193200215697287,0.013355199433863162,0.3155573844909668,-0.5887416779994965
2310,10.90625,-0.6041929721832275,-0.01704976223409176,0.030622824281454086,0.31674004793167115,-0.5889296233654022
2320,11.96875,-0.6088080406188965,-0.0271713312715292,0.01835806518793106,0.3178824484348297,-0.5918159484863281
2330,10.46875,-0.5994736552238464,-0.026269371807575225,0.11635344624519348,0.31832829415798186,-0.5871891736984253
2340,11.4375,-0.6116821765899658,-0.025746994465589524,0.039242259413003924,0.31857444643974303,-0.5902384400367737
2350,13.4375,-0.6446593999862671,-0.02554746437817812,0.036781597137451175,0.3186754584312439,-0.5928408443927765
2360,12.5625,-0.6370984315872192,-0.031092799082398415,0.05794003680348396,0.3187892258167267,-0.5874765813350677
2370,13.40625,-0.5848159790039062,-0.02443349324166775,0.049544422328472136,0.3207417905330658,-0.5838174402713776
2380,10.28125,-0.585249662399292,-0.02962517663836479,0.01626274548470974,0.3204239308834076,-0.5876358389854431
2390,13.03125,-0.5874325037002563,-0.025183651596307755,0.026157350838184358,0.32037392556667327,-0.5903415977954865
2400,9.25,-0.6109488010406494,-0.025443971529603003,0.022588260099291803,0.321797838807106,-0.5944865703582763
2410,10.46875,-0.6083113551139832,-0.02377844788134098,0.051554998755455016,0.3214824467897415,-0.5943784356117249
2420,12.3125,-0.5942105054855347,-0.02264933492988348,0.10364953875541687,0.31939131021499634,-0.5865696787834167
2430,12.3125,-0.5963054895401001,-0.03138173837214708,0.027446867898106575,0.32043355107307436,-0.5929399251937866
2440,11.40625,-0.6066827774047852,-0.025910810381174088,0.08260216191411018,0.32051434814929963,-0.588508951663971
2450,9.125,-0.5915541648864746,-0.027365298569202424,0.024310200288891793,0.32031638026237486,-0.5939915120601654
2460,10.0,-0.5571948289871216,-0.022776283882558347,0.07497534453868866,0.31991204917430877,-0.5880441486835479
2470,10.5,-0.6093903183937073,-0.027489665523171426,0.015439517982304096,0.3211311012506485,-0.5953231036663056
2480,8.9375,-0.619041919708252,-0.02896631397306919,0.020003214478492737,0.32258775532245637,-0.5932623684406281
2490,8.59375,-0.6305837631225586,-0.02436908558011055,0.04270967096090317,0.3219920754432678,-0.5915413320064544
2500,10.25,-0.6134454011917114,-0.028836805373430252,0.01394378747791052,0.3246276527643204,-0.5847540497779846
2510,9.125,-0.594582200050354,-0.03150807954370975,0.03292106203734875,0.323769748210907,-0.5869900763034821
2520,13.875,-0.6005637049674988,-0.02037486508488655,0.04173580408096313,0.32632535994052886,-0.5843279123306274
2530,10.78125,-0.5747401118278503,-0.02438507378101349,0.02566961757838726,0.32444466948509215,-0.5909584641456604
2540,10.125,-0.6273705959320068,-0.02514882292598486,0.11436994820833206,0.3237305790185928,-0.5917926967144013
2550,10.65625,-0.5621570944786072,-0.0338173920288682,0.008632008917629719,0.32626078724861146,-0.5828144788742066
2560,10.71875,-0.5875207185745239,-0.025176283344626425,0.07727278769016266,0.32436981201171877,-0.5919575393199921
2570,8.5625,-0.5813454389572144,-0.03653915198519826,0.01011414360255003,0.3244605898857117,-0.5889873504638672
2580,11.8125,-0.582270085811615,-0.028245039470493793,0.016306975856423378,0.3251276820898056,-0.5904511690139771
2590,10.96875,-0.5991607308387756,-0.03194772563874722,0.015659034252166748,0.326901963353157,-0.5870546877384186
2600,11.59375,-0.5979189872741699,-0.031155038438737393,0.015140734426677228,0.3255064994096756,-0.5841698527336121
2610,12.46875,-0.6061950922012329,-0.030293919518589972,0.01796340737491846,0.3271619439125061,-0.5835779964923858
2620,10.375,-0.615852952003479,-0.030102209374308585,0.007843622006475925,0.32583889067173005,-0.5776256740093231
2630,11.0,-0.5692405700683594,-0.028241772204637527,0.024770310148596764,0.3286975234746933,-0.5803366243839264
2640,11.1875,-0.6384180784225464,-0.03159737046808005,0.01697828248143196,0.32876880168914796,-0.5896312177181244
2650,8.78125,-0.60479336977005,-0.028714745491743087,0.09478846341371536,0.33070619106292726,-0.5816327333450317
2660,10.9375,-0.5763007402420044,-0.024107886105775835,0.05775852426886559,0.3294482111930847,-0.5805066585540771
2670,12.53125,-0.5968572497367859,-0.02867331840097904,0.01729380041360855,0.3281801283359528,-0.5840001463890075
2680,12.21875,-0.6008560657501221,-0.023329738155007364,0.07386514246463775,0.32900233268737794,-0.5723797738552093
2690,9.53125,-0.5587834715843201,-0.028616861253976823,0.02938259020447731,0.3306265711784363,-0.5748050451278687
2700,10.875,-0.5834506750106812,-0.02621549926698208,0.011337664164602756,0.3309126436710358,-0.5787300288677215
2710,11.09375,-0.5630631446838379,-0.02638184800744057,0.01622217260301113,0.32749526500701903,-0.5801534593105316
2720,9.5625,-0.6108191609382629,-0.026924361661076545,0.0323007944971323,0.32740388810634613,-0.583520358800888
2730,11.9375,-0.5874057412147522,-0.027079160511493682,0.023397077247500418,0.33156329691410064,-0.5758122801780701
2740,9.9375,-0.5899893045425415,-0.02994905561208725,0.009174120053648949,0.3283502846956253,-0.5777849972248077
2750,12.03125,-0.5690351128578186,-0.028994737565517424,0.03095460794866085,0.3290236085653305,-0.5762139737606049
2760,9.46875,-0.5951151847839355,-0.026724058762192728,0.014692667126655578,0.32803514003753664,-0.5821688950061799
2770,10.75,-0.5843552350997925,-0.026510780304670335,0.018174590170383455,0.3283065915107727,-0.581434041261673
2780,8.21875,-0.6030107736587524,-0.030033113062381746,0.03601998686790466,0.330321329832077,-0.5815479338169098
2790,11.1875,-0.6068377494812012,-0.027320769801735877,0.022608542069792747,0.33166469931602477,-0.5826883554458618
2800,10.0,-0.5974264144897461,-0.025060607865452767,0.01783637311309576,0.32760907113552096,-0.5818509697914124
2810,9.3125,-0.5762498378753662,-0.027001455426216125,0.05748505219817161,0.32958643436431884,-0.577000492811203
2820,9.28125,-0.5702706575393677,-0.02626660354435444,0.032388505339622495,0.3316427618265152,-0.5814582884311676
2830,10.1875,-0.5800914168357849,-0.03510041236877441,0.020435912534594536,0.33308409452438353,-0.5790589094161988
2840,9.09375,-0.6040768027305603,-0.028314888849854468,0.03803078979253769,0.33185172379016875,-0.5752309083938598
2850,10.0,-0.5928103923797607,-0.027446284517645837,0.03747837767004967,0.3333411991596222,-0.5851436138153077
2860,11.46875,-0.6214312314987183,-0.029111880250275134,0.017353900149464606,0.3337298959493637,-0.5893411457538604
2870,10.25,-0.600824236869812,-0.030259480234235525,0.02348587363958359,0.33308510184288026,-0.5789364516735077
2880,11.15625,-0.5742146968841553,-0.03233719114214182,0.0285295058041811,0.3345009684562683,-0.5766469299793243
2890,10.0,-0.611878514289856,-0.025539568439126015,0.021468180418014526,0.33504136800765993,-0.5790424942970276
2900,7.71875,-0.5948652029037476,-0.03643449954688549,0.1297053098678589,0.3344509929418564,-0.5760506570339203
2910,11.3125,-0.5987102389335632,-0.022121015191078185,0.06982575654983521,0.33273286521434786,-0.579868096113205
2920,10.3125,-0.5710132122039795,-0.03045348897576332,0.0121273810043931,0.3333656221628189,-0.5774243831634521
2930,8.6875,-0.555497407913208,-0.02678741458803415,0.0168610543012619,0.33390331268310547,-0.5724967241287231
2940,11.125,-0.5827636122703552,-0.03131429068744183,0.01695645712316036,0.3363823503255844,-0.5773317873477936
2950,7.84375,-0.5783112049102783,-0.033212344348430636,0.0345122367143631,0.3333436131477356,-0.5786614418029785
2960,9.09375,-0.5915884971618652,-0.026895758509635926,0.013980040140450001,0.3348791837692261,-0.5744314014911651
2970,7.875,-0.5795966386795044,-0.0277667835354805,0.02976427935063839,0.3347713977098465,-0.5778168499469757
2980,10.4375,-0.6005669236183167,-0.02954171635210514,0.034723521769046785,0.33704462051391604,-0.5855914056301117
2990,10.28125,-0.5856281518936157,-0.028600411675870418,0.16210588216781616,0.33636057674884795,-0.5831026315689087
3000,11.4375,-0.5678896903991699,-0.030529385432600975,0.04563062489032745,0.33702229857444765,-0.5697051167488099
3010,10.53125,-0.5569795966148376,-0.03283330416306853,0.06276351436972619,0.3337667346000671,-0.5780885994434357
3020,10.25,-0.5764429569244385,-0.03221324253827333,0.031741057708859446,0.3347302883863449,-0.5792272865772248
3030,10.875,-0.581182599067688,-0.03217027541249991,0.05720155388116836,0.3377228915691376,-0.5712800085544586
3040,12.1875,-0.5864361524581909,-0.02531225010752678,0.017456021532416342,0.33513701260089873,-0.5779067933559418
3050,11.78125,-0.6080223321914673,-0.0214560454711318,0.018317244946956635,0.3347992867231369,-0.575782197713852
3060,10.3125,-0.5802088975906372,-0.021845052018761635,0.031214473769068718,0.3361325114965439,-0.5730067908763885
3070,10.3125,-0.6262245178222656,-0.030493935197591783,0.07066308856010436,0.3334462970495224,-0.5813644349575042
3080,9.28125,-0.5786571502685547,-0.031087174825370312,0.030590739101171494,0.3330508828163147,-0.5838048815727234
3090,9.8125,-0.5728880763053894,-0.02866289634257555,0.04327678680419922,0.33618539571762085,-0.5704944729804993
3100,9.46875,-0.5612605810165405,-0.02927236184477806,0.059464183449745175,0.337103807926178,-0.5628920435905457
3110,10.0,-0.5576574802398682,-0.03162670470774174,0.018565094470977782,0.33469796776771543,-0.5658240914344788
3120,11.15625,-0.5725903511047363,-0.02464956436306238,0.0906802773475647,0.3362957686185837,-0.5769735395908355
3130,10.6875,-0.5757545232772827,-0.023140151146799327,0.03373400047421456,0.33327187299728395,-0.565627145767212
3140,11.6875,-0.5972105860710144,-0.024841153435409068,0.021423240751028062,0.33453224003314974,-0.5744306445121765
3150,9.3125,-0.5672224760055542,-0.02112870290875435,0.05336669087409973,0.33343852758407594,-0.5715671658515931
3160,11.8125,-0.5927914977073669,-0.029144524969160555,0.08441023379564286,0.3324770748615265,-0.5762089371681214
3170,8.5,-0.5897650718688965,-0.031653623282909396,0.021890542656183242,0.3353253543376923,-0.5739541530609131
3180,9.90625,-0.6036078333854675,-0.027522962912917136,0.020599862188100816,0.3340674042701721,-0.5721906423568726
3190,11.5625,-0.6078255772590637,-0.029497891291975976,0.021399896964430808,0.33450124859809877,-0.5734442174434662
3200,8.78125,-0.5973045825958252,-0.02510850355029106,0.03145241215825081,0.33275494277477263,-0.569653469324112
3210,9.125,-0.5562467575073242,-0.024161266162991524,0.029490141570568083,0.33429919481277465,-0.5738677203655242
3220,12.40625,-0.6108212471008301,-0.03818959798663855,0.012729820981621742,0.3359410285949707,-0.5775504469871521
3230,7.9375,-0.5362547636032104,-0.03620363585650921,0.012574076279997825,0.3319012731313705,-0.5655312836170197
3240,7.84375,-0.5948483943939209,-0.01775730010122061,0.052298948913812635,0.33653504252433775,-0.5726901829242707
3250,8.9375,-0.5689811706542969,-0.028962492384016512,0.018678787723183633,0.3346742272377014,-0.568877637386322
3260,10.03125,-0.5923945903778076,-0.026237715035676956,0.010696381703019142,0.3380017191171646,-0.5739215254783631
3270,10.75,-0.5964857339859009,-0.026110770553350447,0.012067332118749618,0.3367549628019333,-0.5760481476783752
3280,9.15625,-0.5636469125747681,-0.029967426136136056,0.015488212183117866,0.33647802770137786,-0.5676498770713806
3290,9.90625,-0.5769078135490417,-0.027261121198534966,0.019439392909407615,0.3344605565071106,-0.574037617444992
3300,9.34375,-0.5861606597900391,-0.03232612013816834,0.016211713664233685,0.3369387298822403,-0.5713783860206604
3310,8.28125,-0.6197404861450195,-0.022527339681982995,0.015834464505314828,0.3339987725019455,-0.5673939943313598
3320,9.65625,-0.5912056565284729,-0.03476821929216385,0.021326665952801704,0.3341225922107697,-0.5673636496067047
3330,10.3125,-0.6013434529304504,-0.02958659827709198,0.01354552134871483,0.33675776720046996,-0.567765474319458
3340,9.09375,-0.562812328338623,-0.03010786697268486,0.02404398061335087,0.3364254653453827,-0.5630500018596649
3350,9.4375,-0.5615195035934448,-0.02781837824732065,0.03071182481944561,0.33485623598098757,-0.5636930525302887
3360,9.375,-0.5816276669502258,-0.027274735644459723,0.029733015224337578,0.3372850000858307,-0.5623841941356659
3370,9.3125,-0.5517661571502686,-0.019466149806976318,0.03811462000012398,0.33494741320610044,-0.5582265496253968
3380,10.9375,-0.5948333740234375,-0.023872442543506622,0.018967502191662787,0.33845220506191254,-0.5647988259792328
3390,10.0625,-0.5642049312591553,-0.024892255663871765,0.10258293449878693,0.3371382176876068,-0.5601532936096192
3400,10.5625,-0.5629987716674805,-0.029443973302841188,0.013134434446692466,0.33549949526786804,-0.5586088836193085
3410,8.1875,-0.5535045862197876,-0.028669045865535737,0.022648756578564643,0.3323464304208755,-0.5590885221958161
3420,9.59375,-0.5793335437774658,-0.028305176831781863,0.013679170608520507,0.3358550727367401,-0.5540899336338043
3430,9.0625,-0.5641480088233948,-0.03480142280459404,0.009552212432026863,0.3364226698875427,-0.5540805459022522
3440,10.1875,-0.5825549364089966,-0.028860249556601048,0.0294460691511631,0.33647509217262267,-0.5548718690872192
3450,9.96875,-0.5643031001091003,-0.026653414033353327,0.03247791677713394,0.33585781753063204,-0.554752403497696
3460,11.78125,-0.6001150012016296,-0.024263102933764456,0.04629929512739182,0.33458189368247987,-0.5635240256786347
3470,11.34375,-0.5568526983261108,-0.028620022907853128,0.019233687967061996,0.3354396134614944,-0.5536454856395722
3480,9.34375,-0.5701428651809692,-0.023947715200483798,0.03095700889825821,0.3354956477880478,-0.5557298243045807
3490,10.375,-0.5637810826301575,-0.0252824317663908,0.028225018084049223,0.33641150295734407,-0.5503620862960815
3500,7.34375,-0.5592905282974243,-0.035501803085207936,0.031245984509587287,0.335137277841568,-0.5513797581195832
3510,9.3125,-0.5793675184249878,-0.030905119702219964,0.03303461037576198,0.33349585235118867,-0.5572432219982147
3520,9.84375,-0.5826435089111328,-0.030111784301698207,0.032585860788822175,0.3324675470590591,-0.554600840806961
3530,10.09375,-0.5587882995605469,-0.02761698458343744,0.028575729206204416,0.3360724985599518,-0.55401411652565
3540,8.5,-0.5807814598083496,-0.028521501645445823,0.02765732742846012,0.334150168299675,-0.5561622381210327
3550,9.34375,-0.5753239989280701,-0.028813596069812774,0.01552099697291851,0.33533923923969267,-0.5535987913608551
3560,10.34375,-0.588955283164978,-0.026297854632139205,0.05243714302778244,0.33554030656814576,-0.5613308131694794
3570,11.1875,-0.5442968606948853,-0.03392478507012129,0.018416659161448478,0.3343428909778595,-0.5502157807350159
3580,7.90625,-0.5773027539253235,-0.030759330838918686,0.021490272507071494,0.3328786283731461,-0.5526078343391418
3590,8.625,-0.5442860722541809,-0.031099678948521614,0.03542284518480301,0.33537910878658295,-0.5560995817184449
3600,7.34375,-0.5611261129379272,-0.0312456744723022,0.02082693576812744,0.3327656894922256,-0.552146977186203
3610,7.0625,-0.5537427663803101,-0.024491861648857593,0.03017381690442562,0.33441547155380247,-0.5541287183761596
3620,9.90625,-0.6009048223495483,-0.022504942119121553,0.027928489446640014,0.33332233130931854,-0.559542328119278
3630,8.78125,-0.5676248669624329,-0.02770026959478855,0.016960981115698815,0.33025390207767485,-0.5531405627727508
3640,11.65625,-0.5786615610122681,-0.03488903492689133,0.038370536640286446,0.33215768337249757,-0.5563471376895904
3650,9.40625,-0.557691216468811,-0.027089686738327144,0.027415934950113297,0.3339278161525726,-0.549107700586319
3660,8.71875,-0.5546395182609558,-0.022072204574942588,0.030306752398610116,0.3331078737974167,-0.5509822547435761
3670,9.1875,-0.5692997574806213,-0.03380755931138992,0.020177221670746804,0.3318879008293152,-0.5578008115291595
3680,7.875,-0.5740221738815308,-0.019614917412400245,0.044649966061115265,0.3339675754308701,-0.5570382714271546
3690,8.875,-0.566878080368042,-0.029737307131290434,0.038644573837518695,0.33346604406833646,-0.5610428094863892
3700,8.4375,-0.5752928256988525,-0.026517102681100368,0.029458504542708396,0.33129796385765076,-0.5495843589305878
3710,9.0625,-0.5425195693969727,-0.029199713096022605,0.017263786494731904,0.3342752158641815,-0.5531032085418701
3720,8.96875,-0.5615930557250977,-0.03186928164213896,0.014407670684158802,0.3341959655284882,-0.5560665488243103
3730,8.375,-0.5519224405288696,-0.025187936425209046,0.012551512755453586,0.3326786071062088,-0.5567069292068482
3740,10.15625,-0.5759042501449585,-0.031238745525479318,0.012489471770823001,0.3323904812335968,-0.5541184365749359
