epoch,lifetime,reward_mean,policy_loss,value_loss,sym_loss,score_real__/full,score_fake__/full,disc_reward__/full
1,14.25,0.0038225140888243914,0.20683479607105254,0.9987152814865112,0.0,0.0072594210505485535,0.015534750185906887,0.0038225140888243914
10,11.5625,-0.02623724937438965,-0.023395781964063646,0.23403173089027404,0.0,0.011748804814285703,0.019433645738495722,-0.02623724937438965
20,10.625,-0.02547232247889042,-0.019174475222826004,0.18259210884571075,0.0,0.01462737200781703,0.01784966206178069,-0.02547232247889042
30,10.125,-0.03544144332408905,-0.021447791904211044,0.09364451617002487,0.0,0.0170653086155653,0.013826119992882014,-0.03544144332408905
40,10.875,-0.04243830591440201,-0.020221110060811044,0.06317059099674224,0.0,0.020755543559789657,0.012569080665707588,-0.04243830591440201
50,9.5,-0.04744202271103859,-0.024223677441477777,0.04113408401608467,0.0,0.023521823436021806,0.0077380219008773565,-0.04744202271103859
60,9.125,-0.04931311309337616,-0.02311698906123638,0.03968144729733467,0.0,0.02862134613096714,0.006561630452051759,-0.04931311309337616
70,14.9375,-0.03523256629705429,-0.02536879079416394,0.053270285576581956,0.0,0.03265824299305677,0.004026089364197105,-0.03523256629705429
80,11.5,-0.05237814411520958,-0.026909669302403925,0.035208101570606234,0.0,0.037006774172186854,-0.0019943605875596404,-0.05237814411520958
90,13.9375,-0.05060265213251114,-0.02779800221323967,0.030123693495988847,0.0,0.04223470538854599,-0.005793083913158625,-0.05060265213251114
100,11.9375,-0.0530712828040123,-0.024684549868106843,0.02368960455060005,0.0,0.047208637744188306,-0.008840518840588629,-0.0530712828040123
110,10.125,-0.06554785370826721,-0.023084335960447788,0.02019893527030945,0.0,0.05169507674872875,-0.013882612343877554,-0.06554785370826721
120,11.625,-0.06471599638462067,-0.02364242896437645,0.026237037032842636,0.0,0.05727327652275562,-0.01791959162801504,-0.06471599638462067
130,12.3125,-0.0632922351360321,-0.022201190143823622,0.029421332478523254,0.0,0.06287824921309948,-0.022731269523501397,-0.0632922351360321
140,12.8125,-0.06914708018302917,-0.019951395317912103,0.032130174711346625,0.0,0.0675169438123703,-0.0282562755048275,-0.06914708018302917
150,10.25,-0.07377208769321442,-0.02391902320086956,0.028616560995578764,0.0,0.07246368825435638,-0.03144739754498005,-0.07377208769321442
160,12.4375,-0.07360299676656723,-0.02333531230688095,0.027186665311455728,0.0,0.07654032483696938,-0.03510072585195303,-0.07360299676656723
170,12.0625,-0.07801292836666107,-0.026642360910773277,0.02729329504072666,0.0,0.08169983401894569,-0.0365648340433836,-0.07801292836666107
180,11.25,-0.0948677808046341,-0.02469747103750706,0.028917985409498213,0.0,0.08621066361665726,-0.04353702776134014,-0.0948677808046341
190,10.5,-0.08447999507188797,-0.02688129395246506,0.02306743562221527,0.0,0.09031856656074524,-0.04386938251554966,-0.08447999507188797
200,10.625,-0.08511824905872345,-0.027209722623229026,0.023333274573087693,0.0,0.09629516452550888,-0.0465002030134201,-0.08511824905872345
210,7.4375,-0.10425622761249542,-0.022601399198174478,0.03575810939073563,0.0,0.09992555156350136,-0.05082697868347168,-0.10425622761249542
220,12.25,-0.08864212036132812,-0.02902846522629261,0.028940992802381514,0.0,0.10501026660203934,-0.051644351705908774,-0.08864212036132812
230,13.1875,-0.06533020734786987,-0.026353729143738746,0.028878642618656157,0.0,0.10941260755062103,-0.05378360226750374,-0.06533020734786987
240,12.9375,-0.08556608855724335,-0.023231061547994612,0.029661846905946733,0.0,0.11347542405128479,-0.05799629762768745,-0.08556608855724335
250,10.3125,-0.1071520522236824,-0.019367045164108275,0.03401560820639134,0.0,0.1171428918838501,-0.061018528416752815,-0.1071520522236824
260,11.25,-0.11057865619659424,-0.02276587039232254,0.1011983260512352,0.0,0.12211396545171738,-0.06441671513020993,-0.11057865619659424
270,7.5625,-0.10819234699010849,-0.02451411113142967,0.04972026124596596,0.0,0.12486269399523735,-0.06359854936599732,-0.10819234699010849
280,11.875,-0.1105513721704483,-0.022571220621466638,0.10965587049722672,0.0,0.13041493594646453,-0.06764706522226334,-0.1105513721704483
290,10.5,-0.11016696691513062,-0.023071753792464733,0.0688556857407093,0.0,0.13291163742542267,-0.07124584540724754,-0.11016696691513062
300,12.1875,-0.10406498610973358,-0.022960799932479858,0.31580954790115356,0.0,0.13580233007669448,-0.07158951610326766,-0.10406498610973358
310,11.875,-0.11788360029459,-0.021548200771212576,0.04296246990561485,0.0,0.1381050854921341,-0.07568207383155823,-0.11788360029459
320,11.3125,-0.10515691339969635,-0.02144116833806038,0.07852229923009872,0.0,0.1418120250105858,-0.07826485186815262,-0.10515691339969635
330,12.125,-0.11128971725702286,-0.022194266319274902,0.14151523411273956,0.0,0.1432022914290428,-0.08339182436466216,-0.11128971725702286
340,12.5625,-0.11014421284198761,-0.026211627572774888,0.32038759589195254,0.0,0.14652875661849976,-0.08154379427433014,-0.11014421284198761
350,14.5,-0.11667543649673462,-0.02130397651344538,0.06770547106862068,0.0,0.14911766052246095,-0.08768844157457352,-0.11667543649673462
360,9.875,-0.11814417690038681,-0.023994429409503935,0.07684554755687714,0.0,0.14958047419786452,-0.0877645656466484,-0.11814417690038681
370,11.875,-0.12781941890716553,-0.02231787480413914,0.07027270495891572,0.0,0.15239666998386384,-0.09006042778491974,-0.12781941890716553
380,10.1875,-0.1204548329114914,-0.02960249185562134,0.06549695432186127,0.0,0.15499439984560012,-0.08960267752408982,-0.1204548329114914
390,13.3125,-0.1209627240896225,-0.024832690507173537,0.09106160998344422,0.0,0.15754108130931854,-0.09242247715592385,-0.1209627240896225
400,14.125,-0.1126558780670166,-0.027021626383066176,0.09177616685628891,0.0,0.15746552646160125,-0.09463287964463234,-0.1126558780670166
410,11.0,-0.12910887598991394,-0.02587192729115486,0.09870142787694931,0.0,0.1595737889409065,-0.08996501639485359,-0.12910887598991394
420,13.8125,-0.1379208266735077,-0.029511305317282677,0.14843621402978896,0.0,0.1617472380399704,-0.0951794758439064,-0.1379208266735077
430,13.6875,-0.11529544740915298,-0.02358158640563488,0.05722087249159813,0.0,0.16187298893928528,-0.09537709802389145,-0.11529544740915298
440,8.6875,-0.14675499498844147,-0.021448077261447908,0.045596849918365476,0.0,0.16368058770895005,-0.09603010937571525,-0.14675499498844147
450,11.3125,-0.13618478178977966,-0.023385467007756233,0.09821220636367797,0.0,0.16511088311672212,-0.09911959618330002,-0.13618478178977966
460,9.5625,-0.1441318690776825,-0.02424074448645115,0.0730608806014061,0.0,0.1670213907957077,-0.10203589424490929,-0.1441318690776825
470,9.1875,-0.13966812193393707,-0.025889226607978343,0.039350523799657824,0.0,0.1685761332511902,-0.09841958060860634,-0.13966812193393707
480,11.3125,-0.13847678899765015,-0.023544371873140336,0.0869852915406227,0.0,0.1696864679455757,-0.10429220646619797,-0.13847678899765015
490,8.0,-0.1486206352710724,-0.025124520249664783,0.05460850968956947,0.0,0.17113753408193588,-0.10372814163565636,-0.1486206352710724
500,10.875,-0.14228078722953796,-0.030063806101679802,0.08417265713214875,0.0,0.17404374480247498,-0.1046096459031105,-0.14228078722953796
510,10.5625,-0.14665964245796204,-0.025816700235009194,0.10221219062805176,0.0,0.17358001172542573,-0.10861704647541046,-0.14665964245796204
520,15.0625,-0.13014709949493408,-0.02500739097595215,0.08681807518005372,0.0,0.17652296274900436,-0.10700486525893212,-0.13014709949493408
530,11.25,-0.13013562560081482,-0.026021931692957877,0.08122315406799316,0.0,0.17749370336532594,-0.10814141631126403,-0.13013562560081482
540,7.8125,-0.15532147884368896,-0.027862429991364478,0.05150544047355652,0.0,0.1779778406023979,-0.10736088827252388,-0.15532147884368896
550,13.5,-0.13413333892822266,-0.03181107547134161,0.10123817920684815,0.0,0.1798391655087471,-0.10594324246048928,-0.13413333892822266
560,12.125,-0.1313268095254898,-0.026406563818454742,0.1299480155110359,0.0,0.18090012967586516,-0.10278207659721375,-0.1313268095254898
570,11.0,-0.12275813519954681,-0.026999666541814803,0.05452388525009155,0.0,0.18221914619207383,-0.10208431258797646,-0.12275813519954681
580,9.4375,-0.1409798562526703,-0.023843609914183616,0.06367174535989761,0.0,0.1846580371260643,-0.10252637267112732,-0.1409798562526703
590,12.125,-0.11449741572141647,-0.02793909963220358,0.037373341619968414,0.0,0.18538496494293213,-0.09861075058579445,-0.11449741572141647
600,7.4375,-0.13169372081756592,-0.02468502912670374,0.031019507721066476,0.0,0.18544672876596452,-0.09879093244671822,-0.13169372081756592
610,15.75,-0.11363446712493896,-0.022524498775601386,0.11327841728925706,0.0,0.18775025457143785,-0.09927592501044273,-0.11363446712493896
620,12.75,-0.11486537009477615,-0.023903688229620457,0.03415558636188507,0.0,0.19060678780078888,-0.09147112295031548,-0.11486537009477615
630,9.875,-0.11789235472679138,-0.02928592376410961,0.03755562752485275,0.0,0.19120845645666124,-0.09170989766716957,-0.11789235472679138
640,12.6875,-0.12617629766464233,-0.028609754890203475,0.026919417828321458,0.0,0.19260069876909255,-0.08926710858941078,-0.12617629766464233
650,13.9375,-0.12046921998262405,-0.020404629968106748,0.3943721532821655,0.0,0.194836850464344,-0.08385236486792565,-0.12046921998262405
660,18.4375,-0.11026924848556519,-0.02662453819066286,0.09536659717559814,0.0,0.1975401908159256,-0.08077658638358116,-0.11026924848556519
670,17.8125,-0.08930393308401108,-0.025417122431099413,0.05912216231226921,0.0,0.19872739613056184,-0.07291861474514008,-0.08930393308401108
680,14.0625,-0.08437018096446991,-0.018891383334994315,0.07757401466369629,0.0,0.20061736404895783,-0.07020834051072597,-0.08437018096446991
690,19.0625,-0.11889809370040894,-0.021786927804350854,0.2066295027732849,0.0,0.20257656425237655,-0.0788803182542324,-0.11889809370040894
700,18.0625,-0.12954692542552948,-0.027605926990509032,0.18486799597740172,0.0,0.20407383739948273,-0.08526813015341758,-0.12954692542552948
710,13.625,-0.1064416915178299,-0.023318400233983995,0.16950878500938416,0.0,0.2022823840379715,-0.08897673562169076,-0.1064416915178299
720,17.0,-0.14222753047943115,-0.027879518270492554,0.17647214233875275,0.0,0.2046128123998642,-0.09726715385913849,-0.14222753047943115
730,15.75,-0.1412053406238556,-0.024794561415910722,0.16044814884662628,0.0,0.20330991744995117,-0.1057236559689045,-0.1412053406238556
740,13.5,-0.1393914818763733,-0.037661556899547574,0.05924250409007072,0.0,0.2018102914094925,-0.1105058304965496,-0.1393914818763733
750,15.0625,-0.15158486366271973,-0.020805807784199715,0.36876401901245115,0.0,0.1997954726219177,-0.11350662931799889,-0.15158486366271973
760,15.8125,-0.14847920835018158,-0.025909784808754922,0.18276532888412475,0.0,0.19813963621854783,-0.1202361598610878,-0.14847920835018158
770,17.75,-0.1490398347377777,-0.028429215773940086,0.23622413575649262,0.0,0.1966157615184784,-0.12208804339170456,-0.1490398347377777
780,17.25,-0.1490328013896942,-0.029469798691570757,0.14442964494228364,0.0,0.19915727227926255,-0.12669221609830855,-0.1490328013896942
790,22.625,-0.15179115533828735,-0.03343920186161995,0.09044396877288818,0.0,0.1987803503870964,-0.12992377132177352,-0.15179115533828735
800,19.625,-0.15325197577476501,-0.029585772007703782,0.14355705976486205,0.0,0.1961996302008629,-0.13167330399155616,-0.15325197577476501
810,14.75,-0.14723655581474304,-0.023541527427732946,0.18511296808719635,0.0,0.19615066349506377,-0.13133846521377562,-0.14723655581474304
820,18.4375,-0.1332007646560669,-0.018997316993772984,0.16831763088703156,0.0,0.1968478739261627,-0.13737829327583312,-0.1332007646560669
830,18.625,-0.17111462354660034,-0.02747189961373806,0.1654585123062134,0.0,0.19565097689628602,-0.1385008953511715,-0.17111462354660034
840,12.875,-0.17157000303268433,-0.026269517838954926,0.1418548047542572,0.0,0.19632290154695511,-0.1337329290807247,-0.17157000303268433
850,20.0,-0.16316267848014832,-0.027958190068602562,0.052226843684911727,0.0,0.1957305356860161,-0.13607011288404464,-0.16316267848014832
860,19.5625,-0.12838119268417358,-0.02769186459481716,0.045881687104701994,0.0,0.1937492311000824,-0.12781065180897713,-0.12838119268417358
870,16.125,-0.1537027359008789,-0.026068112626671792,0.06751230135560035,0.0,0.194693361222744,-0.12707381471991538,-0.1537027359008789
880,17.0,-0.158097043633461,-0.02564908117055893,0.1323731005191803,0.0,0.19407862573862075,-0.1266443409025669,-0.158097043633461
890,11.6875,-0.1632481813430786,-0.027128034736961126,0.09055244028568268,0.0,0.19642210602760315,-0.12535109072923661,-0.1632481813430786
900,15.8125,-0.17786917090415955,-0.026912137120962142,0.16489847302436828,0.0,0.19783515632152557,-0.12734130024909973,-0.17786917090415955
910,17.125,-0.13699662685394287,-0.024538009613752364,0.136004638671875,0.0,0.1971001595258713,-0.12879544198513032,-0.13699662685394287
920,15.125,-0.16558831930160522,-0.023962928727269173,0.03854435831308365,0.0,0.19910895824432373,-0.12801602035760878,-0.16558831930160522
930,11.125,-0.14734025299549103,-0.024615342915058135,0.12258202433586121,0.0,0.198828886449337,-0.12878936380147935,-0.14734025299549103
940,12.3125,-0.16383971273899078,-0.03238150775432587,0.07185198962688447,0.0,0.19871361851692199,-0.12387482821941376,-0.16383971273899078
950,12.3125,-0.14161472022533417,-0.031116269156336786,0.06739589720964431,0.0,0.19920890629291535,-0.11565935462713242,-0.14161472022533417
960,11.8125,-0.15414457023143768,-0.027117351815104485,0.03868936225771904,0.0,0.19886634051799773,-0.11231796517968178,-0.15414457023143768
970,11.875,-0.13155497610569,-0.02786956764757633,0.06327925622463226,0.0,0.20123330354690552,-0.1118888296186924,-0.13155497610569
980,7.6875,-0.1491469144821167,-0.022700715996325015,0.4239449203014374,0.0,0.2001418486237526,-0.10997501537203788,-0.1491469144821167
990,9.4375,-0.15272098779678345,-0.028046686295419933,0.07392935752868653,0.0,0.19886320680379868,-0.10698530599474906,-0.15272098779678345
1000,9.875,-0.15290459990501404,-0.02768639922142029,0.018109926581382753,0.0,0.19925145655870438,-0.11038376539945602,-0.15290459990501404
1010,12.125,-0.14138823747634888,-0.02891470119357109,0.03583022877573967,0.0,0.1985209032893181,-0.10624333322048188,-0.14138823747634888
1020,11.125,-0.13317415118217468,-0.036709369719028474,0.07171649783849716,0.0,0.20163788199424743,-0.10247885063290596,-0.13317415118217468
1030,10.0,-0.14041942358016968,-0.0271197946742177,0.05031443238258362,0.0,0.20048181414604188,-0.10248308330774307,-0.14041942358016968
1040,8.5625,-0.14290277659893036,-0.025151880457997322,0.037163224816322324,0.0,0.20168138593435286,-0.10014778822660446,-0.14290277659893036
1050,11.0,-0.12839680910110474,-0.02761259600520134,0.0485409252345562,0.0,0.2024894803762436,-0.10132016688585281,-0.12839680910110474
1060,12.4375,-0.1445816457271576,-0.031180020049214364,0.024542418867349626,0.0,0.2038565069437027,-0.10553587302565574,-0.1445816457271576
1070,11.75,-0.12622152268886566,-0.02898886315524578,0.06109543517231941,0.0,0.20228126943111419,-0.10376526415348053,-0.12622152268886566
1080,9.5625,-0.14162859320640564,-0.02856646813452244,0.03832461908459663,0.0,0.2028814360499382,-0.10579370856285095,-0.14162859320640564
1090,8.1875,-0.1439608335494995,-0.026144757121801376,0.03858919069170952,0.0,0.2022791936993599,-0.09666312858462334,-0.1439608335494995
1100,11.5,-0.12069868296384811,-0.02839845884591341,0.02830421142280102,0.0,0.20391716063022614,-0.09957635477185249,-0.12069868296384811
1110,11.0625,-0.11279429495334625,-0.027501998655498027,0.08196328729391097,0.0,0.2035933941602707,-0.09688599929213523,-0.11279429495334625
1120,11.6875,-0.11728636175394058,-0.025881483778357507,0.043307014554738996,0.0,0.20493899881839753,-0.09156071916222572,-0.11728636175394058
1130,13.125,-0.08966314792633057,-0.031230867467820646,0.052857387065887454,0.0,0.20645443350076675,-0.09505385905504227,-0.08966314792633057
1140,12.8125,-0.1377825140953064,-0.02375565208494663,0.06813304126262665,0.0,0.20476538985967635,-0.08996186777949333,-0.1377825140953064
1150,11.5625,-0.12079104781150818,-0.02544696405529976,0.025425870344042777,0.0,0.20581774562597274,-0.08725658431649208,-0.12079104781150818
1160,9.125,-0.13731762766838074,-0.024439578503370286,0.06122649237513542,0.0,0.20612649172544478,-0.08782679960131645,-0.13731762766838074
1170,12.75,-0.11701080948114395,-0.02483302466571331,0.022787556797266007,0.0,0.20492600053548812,-0.09475074857473373,-0.11701080948114395
1180,14.1875,-0.0992594063282013,-0.024103832617402076,0.0666772484779358,0.0,0.20440500229597092,-0.08618277832865714,-0.0992594063282013
1190,13.5625,-0.1095694825053215,-0.024842897430062294,0.12363352477550507,0.0,0.20518400967121125,-0.08815535306930541,-0.1095694825053215
1200,9.0625,-0.12986800074577332,-0.02333931028842926,0.04108676463365555,0.0,0.20513084828853606,-0.08820950537919998,-0.12986800074577332
1210,11.375,-0.11167862266302109,-0.02774645425379276,0.031798310577869415,0.0,0.20375173538923264,-0.08480373173952102,-0.11167862266302109
1220,13.3125,-0.12299737334251404,-0.025207987800240517,0.03852951675653458,0.0,0.20506686866283416,-0.08243389278650284,-0.12299737334251404
1230,13.125,-0.10005713999271393,-0.022349642217159273,0.13711113929748536,0.0,0.2020141914486885,-0.077581487596035,-0.10005713999271393
1240,9.4375,-0.1234002336859703,-0.03142077997326851,0.0905192732810974,0.0,0.2021525487303734,-0.08128685653209686,-0.1234002336859703
1250,10.6875,-0.1261531263589859,-0.026344977878034116,0.2589484483003616,0.0,0.20203159302473067,-0.07718272805213929,-0.1261531263589859
1260,15.25,-0.1297651082277298,-0.027526048198342323,0.17557331621646882,0.0,0.2025268092751503,-0.07552013508975505,-0.1297651082277298
1270,14.3125,-0.11174395680427551,-0.03147031888365746,0.11163597851991654,0.0,0.20156568437814712,-0.07856623977422714,-0.11174395680427551
1280,16.6875,-0.07931776344776154,-0.026822101883590223,0.10004311949014663,0.0,0.19995287656784058,-0.07615059241652489,-0.07931776344776154
1290,16.0,-0.10213083773851395,-0.02750591151416302,0.03618802689015865,0.0,0.19827834516763687,-0.07984826639294625,-0.10213083773851395
1300,12.5625,-0.11608446389436722,-0.02497962974011898,0.040193460136651996,0.0,0.1975494459271431,-0.0752846885472536,-0.11608446389436722
1310,15.3125,-0.10341848433017731,-0.03152458928525448,0.08730035722255707,0.0,0.19694475829601288,-0.07468479797244072,-0.10341848433017731
1320,15.6875,-0.11228916049003601,-0.03174844421446323,0.11585812866687775,0.0,0.19706916958093643,-0.08232399895787239,-0.11228916049003601
1330,16.125,-0.08426230400800705,-0.025641005486249924,0.04508116692304611,0.0,0.19650793373584746,-0.08075725585222245,-0.08426230400800705
1340,10.0625,-0.11720380932092667,-0.025779825821518897,0.08680744022130966,0.0,0.19392130970954896,-0.08102287463843823,-0.11720380932092667
1350,14.8125,-0.13079524040222168,-0.02607318963855505,0.1788862317800522,0.0,0.19494830816984177,-0.08359593115746974,-0.13079524040222168
1360,12.25,-0.13037756085395813,-0.026878533884882927,0.44639699459075927,0.0,0.19460433572530747,-0.08006736449897289,-0.13037756085395813
1370,14.1875,-0.11470774561166763,-0.024174270592629908,0.062160497158765794,0.0,0.19360161274671556,-0.08381848111748695,-0.11470774561166763
1380,16.0,-0.12082242965698242,-0.03297895975410938,0.045773325860500334,0.0,0.19584596157073975,-0.08296411037445069,-0.12082242965698242
1390,11.25,-0.13911187648773193,-0.022768665477633475,0.13301122784614564,0.0,0.19089144021272658,-0.08203247003257275,-0.13911187648773193
1400,14.0,-0.10863731801509857,-0.03541080057621002,0.05041900128126144,0.0,0.1909054234623909,-0.08481079265475273,-0.10863731801509857
1410,11.25,-0.12107563018798828,-0.03232635334134102,0.05189023613929748,0.0,0.19177839010953904,-0.09126646667718888,-0.12107563018798828
1420,12.9375,-0.09587880223989487,-0.025339086912572382,0.21128065288066863,0.0,0.19165469110012054,-0.08496343642473221,-0.09587880223989487
1430,14.375,-0.11954832077026367,-0.030006414651870726,0.11971629709005356,0.0,0.18961423635482788,-0.08927390947937966,-0.11954832077026367
1440,13.0625,-0.09334884583950043,-0.029027785733342172,0.1135285660624504,0.0,0.18854572474956513,-0.08467168360948563,-0.09334884583950043
1450,8.8125,-0.13844919204711914,-0.02701399624347687,0.05797077044844627,0.0,0.1916394740343094,-0.09111379757523537,-0.13844919204711914
1460,13.0,-0.11514676362276077,-0.03422244191169739,0.16515982449054717,0.0,0.19152488708496093,-0.09148105457425118,-0.11514676362276077
1470,13.0,-0.11657851934432983,-0.029547347873449325,0.12077434062957763,0.0,0.1886874184012413,-0.08486333340406418,-0.11657851934432983
1480,15.0,-0.10439340025186539,-0.028122954443097113,0.09035637825727463,0.0,0.18901592642068862,-0.09473832696676254,-0.10439340025186539
1490,13.0625,-0.11044305562973022,-0.02897749114781618,0.14539095908403396,0.0,0.1879822641611099,-0.09990021213889122,-0.11044305562973022
1500,12.0,-0.13536445796489716,-0.03228313997387886,0.11918039619922638,0.0,0.18864651769399643,-0.09601247832179069,-0.13536445796489716
1510,13.75,-0.10296915471553802,-0.027199164777994157,0.05067140460014343,0.0,0.1884579300880432,-0.0955025315284729,-0.10296915471553802
1520,16.625,-0.10757912695407867,-0.02359299808740616,0.2511391371488571,0.0,0.18907105177640915,-0.09242256060242653,-0.10757912695407867
1530,13.125,-0.12160399556159973,-0.02851800322532654,0.12433603703975678,0.0,0.18680693358182907,-0.0982023037970066,-0.12160399556159973
1540,10.625,-0.1197994127869606,-0.034923344105482104,0.07816048860549926,0.0,0.18693265169858933,-0.10018573105335235,-0.1197994127869606
1550,15.1875,-0.12355458736419678,-0.02829427979886532,0.13289293944835662,0.0,0.1881916791200638,-0.10014367327094079,-0.12355458736419678
1560,16.9375,-0.10953813046216965,-0.031032934412360193,0.07027822434902191,0.0,0.18804002851247786,-0.09518273919820786,-0.10953813046216965
1570,11.6875,-0.12845271825790405,-0.026103943958878516,0.1490211993455887,0.0,0.1877815306186676,-0.09740696027874947,-0.12845271825790405
1580,15.3125,-0.13669559359550476,-0.027668599039316177,0.13390877842903137,0.0,0.1891632556915283,-0.10212809741497039,-0.13669559359550476
1590,15.875,-0.11692920327186584,-0.029205676913261414,0.0782014936208725,0.0,0.188274385035038,-0.10163206607103348,-0.11692920327186584
1600,16.875,-0.13000589609146118,-0.03131960816681385,0.15996106266975402,0.0,0.18850908130407334,-0.10253043547272682,-0.13000589609146118
1610,15.9375,-0.11880334466695786,-0.024933686945587397,0.15017684996128083,0.0,0.18670968413352967,-0.10491043776273727,-0.11880334466695786
1620,15.3125,-0.12210870534181595,-0.0326495636254549,0.10436145514249802,0.0,0.18529776334762574,-0.10586676001548767,-0.12210870534181595
1630,12.5,-0.13718673586845398,-0.027732284739613533,0.04880852773785591,0.0,0.1859009087085724,-0.10119393393397332,-0.13718673586845398
1640,16.0,-0.11629024893045425,-0.030634690821170808,0.10691974312067032,0.0,0.18565605729818344,-0.10493222922086716,-0.11629024893045425
1650,19.875,-0.116980642080307,-0.023939166590571402,0.11295270323753356,0.0,0.18455520421266555,-0.10869811028242111,-0.116980642080307
1660,16.5625,-0.12796631455421448,-0.02552461586892605,0.08560873121023178,0.0,0.18460496217012407,-0.10263027846813202,-0.12796631455421448
1670,17.5625,-0.12798836827278137,-0.025177323073148728,0.086871799826622,0.0,0.1855437532067299,-0.10369749143719673,-0.12798836827278137
1680,16.875,-0.12300306558609009,-0.023676856141537427,0.19116958677768708,0.0,0.18214773684740065,-0.10617392286658286,-0.12300306558609009
1690,15.4375,-0.10612384974956512,-0.026823116466403008,0.07523134350776672,0.0,0.18109968155622483,-0.10572576373815537,-0.10612384974956512
1700,14.6875,-0.1368006318807602,-0.027684986218810083,0.19134861826896668,0.0,0.18197816163301467,-0.11625388488173485,-0.1368006318807602
1710,16.25,-0.13959118723869324,-0.031527310609817505,0.07510221973061562,0.0,0.18183256536722184,-0.10949974954128265,-0.13959118723869324
1720,16.3125,-0.13601672649383545,-0.020391365513205528,0.09359029680490494,0.0,0.17926531732082368,-0.1058432288467884,-0.13601672649383545
1730,16.8125,-0.1314854621887207,-0.033111055940389635,0.08206958025693893,0.0,0.17958565354347228,-0.11263780295848846,-0.1314854621887207
1740,11.25,-0.143157958984375,-0.027105872705578803,0.05947433859109878,0.0,0.17764867842197418,-0.10628954768180847,-0.143157958984375
1750,12.0625,-0.13939516246318817,-0.03289245255291462,0.1015421137213707,0.0,0.1780662015080452,-0.10715165510773658,-0.13939516246318817
1760,16.9375,-0.12406743317842484,-0.029602327570319175,0.07881836593151093,0.0,0.17835427075624466,-0.11039948835968971,-0.12406743317842484
1770,12.0,-0.13449008762836456,-0.03483534641563892,0.11265473812818527,0.0,0.1761842042207718,-0.1076843112707138,-0.13449008762836456
1780,18.9375,-0.13726714253425598,-0.029004386626183987,0.05940230190753937,0.0,0.17557597756385804,-0.11157357096672058,-0.13726714253425598
1790,18.4375,-0.10566802322864532,-0.02863483615219593,0.049890394508838656,0.0,0.17676556408405303,-0.10606697425246239,-0.10566802322864532
1800,16.6875,-0.1339099109172821,-0.03345005735754967,0.1278723284602165,0.0,0.17646846622228624,-0.10198049172759056,-0.1339099109172821
1810,16.5625,-0.1368037462234497,-0.02609387841075659,0.05068177208304405,0.0,0.17458540499210357,-0.11999546438455581,-0.1368037462234497
1820,18.25,-0.14225955307483673,-0.03774129031226039,0.24675237238407136,0.0,0.1741298571228981,-0.11373895481228828,-0.14225955307483673
1830,12.4375,-0.13414734601974487,-0.030155671015381812,0.15154965370893478,0.0,0.17381755262613297,-0.10288442596793175,-0.13414734601974487
1840,16.9375,-0.1268010139465332,-0.029866152629256248,0.12607524544000626,0.0,0.1726936876773834,-0.10432925224304199,-0.1268010139465332
1850,15.9375,-0.14881233870983124,-0.035347945615649225,0.22851023077964783,0.0,0.17481211572885513,-0.10785051360726357,-0.14881233870983124
1860,13.625,-0.10869967937469482,-0.030242924764752387,0.060283315181732175,0.0,0.17430805265903473,-0.10908720493316651,-0.10869967937469482
1870,14.0,-0.15221917629241943,-0.03162982724606991,0.07124106138944626,0.0,0.17464689612388612,-0.1201123833656311,-0.15221917629241943
1880,17.0,-0.13077062368392944,-0.030724545940756798,0.20313574075698854,0.0,0.173504139482975,-0.10598508268594742,-0.13077062368392944
1890,10.875,-0.13720077276229858,-0.026505348086357117,0.18719299137592316,0.0,0.17324417382478713,-0.11264709606766701,-0.13720077276229858
1900,12.375,-0.12778669595718384,-0.029252221994102,0.07740161567926407,0.0,0.1745060056447983,-0.10594764128327369,-0.12778669595718384
1910,14.5625,-0.12379328906536102,-0.033461843803524974,0.1141419380903244,0.0,0.1736859992146492,-0.10475132316350937,-0.12379328906536102
1920,12.3125,-0.13744878768920898,-0.032011236622929574,0.09419378936290741,0.0,0.17418914586305617,-0.1032978355884552,-0.13744878768920898
1930,14.625,-0.10563474148511887,-0.029408645629882813,0.09203699678182602,0.0,0.17614050656557084,-0.09917684271931648,-0.10563474148511887
1940,16.3125,-0.11498340219259262,-0.023834166303277015,0.08769881278276444,0.0,0.1751392126083374,-0.10340465903282166,-0.11498340219259262
1950,14.125,-0.12942546606063843,-0.030740879476070404,0.08153465986251832,0.0,0.17513504177331923,-0.10825752913951874,-0.12942546606063843
1960,17.125,-0.09013520181179047,-0.023752010613679885,0.07151889204978942,0.0,0.17497649639844895,-0.10000985786318779,-0.09013520181179047
1970,15.1875,-0.13346852362155914,-0.03320364225655794,0.12226694375276566,0.0,0.17508489936590194,-0.1089133121073246,-0.13346852362155914
1980,15.0625,-0.10522071272134781,-0.027977563627064227,0.083053819835186,0.0,0.17391138821840285,-0.1025674507021904,-0.10522071272134781
1990,15.4375,-0.1027994304895401,-0.031302249431610106,0.1503867268562317,0.0,0.17485623061656952,-0.10197619795799255,-0.1027994304895401
2000,13.375,-0.10785703361034393,-0.030123907327651977,0.11230685710906982,0.0,0.1757602035999298,-0.10224519371986389,-0.10785703361034393
2010,18.625,-0.10402064770460129,-0.027712174877524375,0.12431068867444992,0.0,0.17588934749364854,-0.10439878404140472,-0.10402064770460129
2020,16.25,-0.11762981116771698,-0.02945573888719082,0.15664979219436645,0.0,0.1758264869451523,-0.10296982303261756,-0.11762981116771698
2030,20.4375,-0.11754465103149414,-0.03436322472989559,0.13600144982337953,0.0,0.1759752720594406,-0.10118504762649536,-0.11754465103149414
2040,16.3125,-0.12714770436286926,-0.02937353476881981,0.14188095033168793,0.0,0.17744019031524658,-0.10226522460579872,-0.12714770436286926
2050,13.6875,-0.09152387082576752,-0.0316743191331625,0.0760628491640091,0.0,0.1769457593560219,-0.10312566757202149,-0.09152387082576752
2060,14.9375,-0.11456145346164703,-0.03587362747639418,0.04698685184121132,0.0,0.17779766172170638,-0.10418393909931183,-0.11456145346164703
2070,17.75,-0.13522183895111084,-0.0319348830729723,0.06312143206596374,0.0,0.1759049579501152,-0.10449861511588096,-0.13522183895111084
2080,15.4375,-0.11330992728471756,-0.029155663400888442,0.07143629789352417,0.0,0.17594460695981978,-0.10333613753318786,-0.11330992728471756
2090,20.625,-0.11364960670471191,-0.033580479212105274,0.07510219067335129,0.0,0.17633321434259414,-0.11156360656023026,-0.11364960670471191
2100,14.875,-0.122654989361763,-0.028076298907399176,0.11000838428735733,0.0,0.17442118674516677,-0.11413221210241317,-0.122654989361763
2110,15.375,-0.11892041563987732,-0.02766043469309807,0.07852021604776382,0.0,0.1740777850151062,-0.10742431730031968,-0.11892041563987732
2120,18.8125,-0.1393761932849884,-0.031594257429242135,0.08257824033498765,0.0,0.17417164742946625,-0.11198831647634507,-0.1393761932849884
2130,16.5625,-0.15488135814666748,-0.03189573828130961,0.09880330562591552,0.0,0.17348909378051758,-0.10969519466161728,-0.15488135814666748
2140,24.9375,-0.14793023467063904,-0.035037200152873996,0.08510288298130035,0.0,0.17310540229082108,-0.11268363744020463,-0.14793023467063904
2150,13.1875,-0.15327097475528717,-0.03684664145112038,0.1067066341638565,0.0,0.17191320806741714,-0.10780794024467469,-0.15327097475528717
2160,16.0625,-0.15120461583137512,-0.030905865132808685,0.17201725840568544,0.0,0.17067201137542726,-0.10470496192574501,-0.15120461583137512
2170,17.1875,-0.11395418643951416,-0.03534338865429163,0.11118502914905548,0.0,0.1703424260020256,-0.09952194318175316,-0.11395418643951416
2180,21.625,-0.14303883910179138,-0.040007098391652104,0.04793906956911087,0.0,0.17208827584981917,-0.10589719712734222,-0.14303883910179138
2190,20.25,-0.1259298324584961,-0.031934333592653276,0.04324555993080139,0.0,0.16971661597490312,-0.1129436619579792,-0.1259298324584961
2200,21.4375,-0.1558164358139038,-0.02764916941523552,0.23355366587638854,0.0,0.17130840569734573,-0.10886568576097488,-0.1558164358139038
2210,13.9375,-0.16097921133041382,-0.03364704493433237,0.059056001156568526,0.0,0.17031693160533906,-0.126409962028265,-0.16097921133041382
2220,14.25,-0.15602463483810425,-0.03311464972794056,0.05278901904821396,0.0,0.17017491459846495,-0.10776834413409234,-0.15602463483810425
2230,16.5,-0.11826211214065552,-0.03187059573829174,0.054797644913196566,0.0,0.17049788385629655,-0.11439018994569779,-0.11826211214065552
2240,18.5625,-0.1141984611749649,-0.02811846900731325,0.09518035054206848,0.0,0.17021252512931823,-0.11589596346020699,-0.1141984611749649
2250,15.1875,-0.13370361924171448,-0.031131697446107866,0.11440371870994567,0.0,0.16957684159278869,-0.11198330298066139,-0.13370361924171448
2260,17.875,-0.1455080807209015,-0.02893728269264102,0.04717092588543892,0.0,0.1679543137550354,-0.11808728203177452,-0.1455080807209015
2270,16.4375,-0.1332550048828125,-0.030113111436367034,0.15645464956760408,0.0,0.16752308011054992,-0.11494027078151703,-0.1332550048828125
2280,23.0,-0.12443694472312927,-0.029887441918253897,0.10489901751279831,0.0,0.16865526586771012,-0.11154910624027252,-0.12443694472312927
2290,16.6875,-0.18730321526527405,-0.029404406249523164,0.14647719860076905,0.0,0.16740710735321046,-0.12804323732852935,-0.18730321526527405
2300,18.5625,-0.15408116579055786,-0.033185414597392084,0.09096986204385757,0.0,0.170531465113163,-0.13317088037729263,-0.15408116579055786
2310,20.625,-0.10514184087514877,-0.03093360736966133,0.0629842720925808,0.0,0.16901155561208725,-0.12640302926301955,-0.10514184087514877
2320,16.25,-0.13960330188274384,-0.03130940198898315,0.11161020696163178,0.0,0.1690417483448982,-0.11231308877468109,-0.13960330188274384
2330,12.0625,-0.16631142795085907,-0.03479931578040123,0.1186519742012024,0.0,0.16957403272390364,-0.12264355272054672,-0.16631142795085907
2340,15.25,-0.09540027379989624,-0.027894240245223044,0.037035171687602994,0.0,0.1705273285508156,-0.11211590245366096,-0.09540027379989624
2350,17.1875,-0.12670861184597015,-0.03201319873332977,0.034784945845603946,0.0,0.16660487949848174,-0.12504999786615373,-0.12670861184597015
2360,15.1875,-0.09885846078395844,-0.026136921346187593,0.042028503865003584,0.0,0.16672302633523942,-0.11076295152306556,-0.09885846078395844
2370,18.5625,-0.13499939441680908,-0.034594225138425826,0.06698481142520904,0.0,0.16690538376569747,-0.12634728848934174,-0.13499939441680908
2380,18.4375,-0.11900095641613007,-0.03426026180386543,0.04641080051660538,0.0,0.16548627465963364,-0.12231648191809655,-0.11900095641613007
2390,23.3125,-0.13652794063091278,-0.03289500251412392,0.06712789461016655,0.0,0.16658323705196382,-0.1321091815829277,-0.13652794063091278
2400,14.0625,-0.1260872185230255,-0.031054100021719933,0.03457154482603073,0.0,0.16736278384923936,-0.1279425084590912,-0.1260872185230255
2410,19.625,-0.13951057195663452,-0.03310561031103134,0.04219277054071426,0.0,0.16641135960817338,-0.1304071933031082,-0.13951057195663452
2420,24.875,-0.14559173583984375,-0.029951998218894004,0.08370003551244735,0.0,0.16427692770957947,-0.13742996901273727,-0.14559173583984375
2430,15.4375,-0.188412144780159,-0.032256245240569116,0.0645109161734581,0.0,0.16600828021764755,-0.12161390781402588,-0.188412144780159
2440,16.8125,-0.18982839584350586,-0.03421943634748459,0.09324474036693572,0.0,0.167285917699337,-0.12628747448325156,-0.18982839584350586
2450,16.1875,-0.18609999120235443,-0.03496954403817654,0.08649913370609283,0.0,0.16639455854892732,-0.12654443308711052,-0.18609999120235443
2460,15.0625,-0.13628700375556946,-0.031843481957912444,0.04157587289810181,0.0,0.16612652242183684,-0.11086039170622826,-0.13628700375556946
2470,24.0,-0.15079137682914734,-0.03293418698012829,0.07185360491275787,0.0,0.16561807096004486,-0.12778341621160508,-0.15079137682914734
2480,17.625,-0.11601661145687103,-0.024705967307090758,0.06940937638282776,0.0,0.164792700111866,-0.12142230346798896,-0.11601661145687103
2490,11.875,-0.10143338888883591,-0.03820442371070385,0.04267095923423767,0.0,0.16484191119670868,-0.11302153319120407,-0.10143338888883591
2500,21.1875,-0.08995376527309418,-0.03604179713875055,0.03463049978017807,0.0,0.165900819003582,-0.12176977172493934,-0.08995376527309418
2510,16.875,-0.1285826563835144,-0.027043411508202553,0.0467993013560772,0.0,0.16426256746053697,-0.1067839004099369,-0.1285826563835144
2520,22.4375,-0.12441998720169067,-0.023852867260575294,0.11783504486083984,0.0,0.16370663344860076,-0.12386578246951103,-0.12441998720169067
2530,23.0625,-0.16890422999858856,-0.029055511951446532,0.08102657049894332,0.0,0.1667964294552803,-0.138131333142519,-0.16890422999858856
2540,24.3125,-0.12293507903814316,-0.030267007648944855,0.05279946997761727,0.0,0.16515337228775023,-0.12079380676150323,-0.12293507903814316
2550,17.5,-0.11767327785491943,-0.03516506254673004,0.030818647146224974,0.0,0.1652480110526085,-0.11925349161028861,-0.11767327785491943
2560,18.75,-0.12054219096899033,-0.030077377893030645,0.14867490977048875,0.0,0.16699280589818954,-0.12061186730861664,-0.12054219096899033
2570,24.25,-0.12979787588119507,-0.02927012965083122,0.1440349966287613,0.0,0.16786467880010605,-0.11567974388599396,-0.12979787588119507
2580,16.3125,-0.1419067680835724,-0.022459091618657112,0.12937785536050797,0.0,0.16760019659996034,-0.11214228868484497,-0.1419067680835724
2590,18.8125,-0.1317368447780609,-0.028660923615097998,0.06003592237830162,0.0,0.16737614423036576,-0.12232764214277267,-0.1317368447780609
2600,16.875,-0.13874158263206482,-0.029265621304512025,0.08297491818666458,0.0,0.16615158915519715,-0.12300416305661202,-0.13874158263206482
2610,17.0,-0.15090042352676392,-0.030874745547771455,0.16539647281169892,0.0,0.16470021307468413,-0.12511049807071686,-0.15090042352676392
2620,20.75,-0.09523941576480865,-0.025216983631253242,0.03472040593624115,0.0,0.16409688144922258,-0.11712635084986686,-0.09523941576480865
2630,15.375,-0.10036648064851761,-0.028074893355369567,0.02772584669291973,0.0,0.16569803953170775,-0.1118761844933033,-0.10036648064851761
2640,23.4375,-0.1611906886100769,-0.030449981242418288,0.16140332221984863,0.0,0.1662086382508278,-0.11966964676976204,-0.1611906886100769
2650,18.625,-0.13133469223976135,-0.03443829957395792,0.08298693895339966,0.0,0.16646182239055635,-0.11884106174111367,-0.13133469223976135
2660,16.875,-0.1403045952320099,-0.030804806016385557,0.17807987034320832,0.0,0.16452023684978484,-0.12312923222780228,-0.1403045952320099
2670,14.125,-0.13749292492866516,-0.028836939483880997,0.24985108971595765,0.0,0.16528812944889068,-0.11444304063916207,-0.13749292492866516
2680,16.25,-0.13996846973896027,-0.030104770511388778,0.06994491145014763,0.0,0.16520773619413376,-0.10634994059801102,-0.13996846973896027
2690,14.0625,-0.11923688650131226,-0.03500332236289978,0.08892802596092224,0.0,0.1668935388326645,-0.10224095210433007,-0.11923688650131226
2700,21.5625,-0.12074197083711624,-0.031182223558425905,0.05877901464700699,0.0,0.16425502747297288,-0.11727171540260314,-0.12074197083711624
2710,19.0,-0.10699435323476791,-0.031552945263683796,0.04622507765889168,0.0,0.1640037089586258,-0.09751460179686547,-0.10699435323476791
2720,22.3125,-0.1260077953338623,-0.034931765496730806,0.23424396812915801,0.0,0.16317634880542756,-0.11509607955813408,-0.1260077953338623
2730,18.3125,-0.12974783778190613,-0.02549622617661953,0.09509007036685943,0.0,0.16204886883497238,-0.10318071395158768,-0.12974783778190613
2740,25.25,-0.11872078478336334,-0.03425530195236206,0.09256850630044937,0.0,0.16278377622365953,-0.12063184306025505,-0.11872078478336334
2750,13.8125,-0.1248127892613411,-0.03430578336119652,0.04358037114143372,0.0,0.16316388100385665,-0.11537611559033394,-0.1248127892613411
2760,15.9375,-0.14394229650497437,-0.029469179175794124,0.07861213982105256,0.0,0.16318848580121995,-0.11369734704494476,-0.14394229650497437
2770,11.875,-0.13772019743919373,-0.02882918920367956,0.07534231543540955,0.0,0.16352879405021667,-0.10588054433465004,-0.13772019743919373
2780,19.5625,-0.1606491506099701,-0.0281455647200346,0.17072461545467377,0.0,0.16250011920928956,-0.1158595360815525,-0.1606491506099701
2790,16.3125,-0.12434208393096924,-0.030015236139297484,0.057085128128528596,0.0,0.16225412487983704,-0.10679707750678062,-0.12434208393096924
2800,19.125,-0.12647175788879395,-0.03267235569655895,0.09238175451755523,0.0,0.16172659993171692,-0.11311784982681275,-0.12647175788879395
2810,24.0,-0.12430909276008606,-0.030257903039455414,0.07666504681110382,0.0,0.16192589253187178,-0.11212760508060456,-0.12430909276008606
2820,11.375,-0.13067734241485596,-0.03598902709782124,0.040898801386356355,0.0,0.16131234169006348,-0.12083990722894669,-0.13067734241485596
2830,16.1875,-0.13410674035549164,-0.03110658936202526,0.06991014182567597,0.0,0.16179133504629134,-0.1111454837024212,-0.13410674035549164
2840,11.0,-0.1622280478477478,-0.028885201457887887,0.05705327466130257,0.0,0.16023511290550232,-0.11365158781409264,-0.1622280478477478
2850,17.125,-0.11892110109329224,-0.029475050047039986,0.11053294688463211,0.0,0.16223322004079818,-0.11141810193657875,-0.11892110109329224
2860,21.0,-0.14661335945129395,-0.02719630692154169,0.250812828540802,0.0,0.16252061426639558,-0.11825433894991874,-0.14661335945129395
2870,12.6875,-0.1140974760055542,-0.03728632442653179,0.04395660832524299,0.0,0.16276106536388396,-0.12256798148155212,-0.1140974760055542
2880,16.0,-0.11916427314281464,-0.02003590576350689,0.04941576272249222,0.0,0.16488760560750962,-0.11088577285408974,-0.11916427314281464
2890,9.0,-0.16020359098911285,-0.03167588450014591,0.055934198945760724,0.0,0.16025300472974777,-0.11393298879265785,-0.16020359098911285
2900,23.25,-0.14763875305652618,-0.032152402214705944,0.13638398200273513,0.0,0.16311019212007521,-0.1157264232635498,-0.14763875305652618
2910,19.9375,-0.1526012122631073,-0.03233042173087597,0.09268902689218521,0.0,0.1625102013349533,-0.12280713617801667,-0.1526012122631073
2920,13.1875,-0.12225072085857391,-0.030051111429929733,0.025873183831572534,0.0,0.16467319130897523,-0.11271118372678757,-0.12225072085857391
2930,21.9375,-0.11698989570140839,-0.03562687151134014,0.10507696717977524,0.0,0.16253260225057603,-0.12127145305275917,-0.11698989570140839
2940,22.1875,-0.10220390558242798,-0.02575183417648077,0.1575659066438675,0.0,0.16519248783588408,-0.11390125676989556,-0.10220390558242798
2950,13.875,-0.16251948475837708,-0.028896461613476275,0.14843965470790862,0.0,0.16072335243225097,-0.1226438894867897,-0.16251948475837708
2960,17.375,-0.09903036057949066,-0.030740678124129773,0.12703073173761367,0.0,0.1630222976207733,-0.10832723453640938,-0.09903036057949066
2970,17.1875,-0.09727708995342255,-0.031223308481276035,0.07655918300151825,0.0,0.16467826813459396,-0.09759951010346413,-0.09727708995342255
2980,11.875,-0.1521366834640503,-0.02647431194782257,0.08571595549583436,0.0,0.1644946500658989,-0.10469384863972664,-0.1521366834640503
2990,24.625,-0.11171524226665497,-0.02805386111140251,0.13716945052146912,0.0,0.16323438435792922,-0.10685723386704922,-0.11171524226665497
3000,18.0,-0.1248442530632019,-0.034988338872790334,0.04483546763658523,0.0,0.16422951966524124,-0.11536021158099174,-0.1248442530632019
3010,14.8125,-0.1334833800792694,-0.0267194963991642,0.17808736264705657,0.0,0.16393310725688934,-0.10867751166224479,-0.1334833800792694
3020,18.3125,-0.10190460085868835,-0.03489838596433401,0.07386355847120285,0.0,0.1647840917110443,-0.11090355888009071,-0.10190460085868835
3030,15.6875,-0.13120287656784058,-0.026443454809486865,0.12449430227279663,0.0,0.16395573318004608,-0.11999553516507148,-0.13120287656784058
3040,17.75,-0.09491747617721558,-0.028346553072333337,0.058819616585969924,0.0,0.16470126211643218,-0.11085146479308605,-0.09491747617721558
3050,12.875,-0.13063812255859375,-0.027076667919754983,0.09295181334018707,0.0,0.16534290909767152,-0.10211381018161773,-0.13063812255859375
3060,19.25,-0.12162517011165619,-0.027804689668118953,0.09062323272228241,0.0,0.1661635607481003,-0.10331959649920464,-0.12162517011165619
3070,14.6875,-0.13956719636917114,-0.03236288167536259,0.17285683155059814,0.0,0.16643753796815872,-0.11860642656683922,-0.13956719636917114
3080,16.1875,-0.1271413415670395,-0.03650048151612282,0.06096415370702744,0.0,0.16827429085969925,-0.1242392398416996,-0.1271413415670395
3090,9.1875,-0.15512709319591522,-0.03148935809731483,0.12450832277536392,0.0,0.1679355412721634,-0.11509630605578422,-0.15512709319591522
3100,18.5625,-0.10988909006118774,-0.03537211455404758,0.07310146391391754,0.0,0.16923104077577591,-0.10662736482918263,-0.10988909006118774
3110,16.8125,-0.13919371366500854,-0.030282456055283548,0.09030172377824783,0.0,0.17014869302511215,-0.11172558441758156,-0.13919371366500854
3120,15.875,-0.13064035773277283,-0.03031577095389366,0.36660527586936953,0.0,0.16949705630540848,-0.1071650467813015,-0.13064035773277283
3130,15.75,-0.1462973952293396,-0.03299842868000269,0.15606654584407806,0.0,0.16799280494451524,-0.11333130002021789,-0.1462973952293396
3140,11.375,-0.20579496026039124,-0.030924628674983978,0.40284717082977295,0.0,0.16935185194015503,-0.11298651993274689,-0.20579496026039124
3150,13.75,-0.12739405035972595,-0.0312299195677042,0.1410858929157257,0.0,0.16711535006761552,-0.11119390428066253,-0.12739405035972595
3160,12.0625,-0.13038255274295807,-0.037961152568459514,0.08886452466249466,0.0,0.1654066950082779,-0.10686980411410332,-0.13038255274295807
3170,14.875,-0.11123807728290558,-0.030965253803879024,0.1317179724574089,0.0,0.16474901586771012,-0.10931499898433686,-0.11123807728290558
3180,12.875,-0.1392071396112442,-0.027771287597715855,0.10744368582963944,0.0,0.16726531386375426,-0.11295323669910431,-0.1392071396112442
3190,16.375,-0.14751403033733368,-0.03396913101896644,0.221984800696373,0.0,0.1636170595884323,-0.10189811214804649,-0.14751403033733368
3200,12.8125,-0.13308358192443848,-0.03425485566258431,0.0992794930934906,0.0,0.16505008935928345,-0.1135120689868927,-0.13308358192443848
3210,10.0,-0.11984309554100037,-0.03155634105205536,0.0882394015789032,0.0,0.1631867915391922,-0.10906461253762245,-0.11984309554100037
3220,16.6875,-0.1254839301109314,-0.031496661901474,0.14793948829174042,0.0,0.1650652915239334,-0.1030692033469677,-0.1254839301109314
3230,18.3125,-0.11242091655731201,-0.029501217976212503,0.11913497596979142,0.0,0.16552363634109496,-0.09977798834443093,-0.11242091655731201
3240,17.0,-0.09784834086894989,-0.025611995719373226,0.11702781617641449,0.0,0.16293989419937133,-0.09683037400245667,-0.09784834086894989
3250,18.0625,-0.12734034657478333,-0.035590992867946626,0.0984292522072792,0.0,0.16528638303279877,-0.10528456270694733,-0.12734034657478333
3260,20.75,-0.11822015047073364,-0.03458542916923761,0.0635115884244442,0.0,0.16802994459867476,-0.10882150754332542,-0.11822015047073364
3270,13.3125,-0.11718117445707321,-0.024781570211052893,0.12072300165891647,0.0,0.1657733991742134,-0.1017980694770813,-0.11718117445707321
3280,14.9375,-0.12299246340990067,-0.028308963961899282,0.060136943310499194,0.0,0.16837207078933716,-0.09452526196837426,-0.12299246340990067
3290,15.125,-0.11581821739673615,-0.03009596951305866,0.07358447164297104,0.0,0.16777151376008986,-0.10458173714578152,-0.11581821739673615
3300,14.875,-0.11327046155929565,-0.030995584651827814,0.12450768053531647,0.0,0.16860006153583526,-0.09885542690753937,-0.11327046155929565
3310,15.25,-0.12829571962356567,-0.02724070530384779,0.07097203582525254,0.0,0.16749550849199296,-0.09502411112189293,-0.12829571962356567
3320,14.875,-0.11759921908378601,-0.028998112305998802,0.04189663901925087,0.0,0.16888565570116043,-0.0985466293990612,-0.11759921908378601
3330,15.5625,-0.14261427521705627,-0.028752968087792395,0.17930010557174683,0.0,0.1669318348169327,-0.10388663336634636,-0.14261427521705627
3340,22.9375,-0.1259635090827942,-0.030651285964995622,0.14088037312030793,0.0,0.16945920586586,-0.0945979192852974,-0.1259635090827942
3350,17.875,-0.12472163140773773,-0.026139379665255546,0.0638351321220398,0.0,0.1698526695370674,-0.09420927688479423,-0.12472163140773773
3360,14.875,-0.13316088914871216,-0.030746655911207198,0.05614069625735283,0.0,0.17144386619329452,-0.09585725143551826,-0.13316088914871216
3370,11.6875,-0.1451345980167389,-0.023785251937806607,0.0880769930779934,0.0,0.16946879178285598,-0.09290342032909393,-0.1451345980167389
3380,13.0,-0.09823297709226608,-0.024299749359488487,0.11572657227516174,0.0,0.17008927464485168,-0.08678968697786331,-0.09823297709226608
3390,15.4375,-0.07825107872486115,-0.02742973230779171,0.03692819625139236,0.0,0.17201692759990692,-0.08588813804090023,-0.07825107872486115
3400,15.8125,-0.08896144479513168,-0.026094804145395757,0.061291728913784024,0.0,0.17285146266222,-0.08306418955326081,-0.08896144479513168
3410,15.75,-0.1042737364768982,-0.030706285685300826,0.07906472086906433,0.0,0.17329740077257155,-0.08035906031727791,-0.1042737364768982
3420,14.9375,-0.13085639476776123,-0.02252107746899128,0.09288285523653031,0.0,0.17380940467119216,-0.08938641101121902,-0.13085639476776123
3430,14.0,-0.105855792760849,-0.026972978934645654,0.14236564040184022,0.0,0.17501445561647416,-0.09186657518148422,-0.105855792760849
3440,15.8125,-0.1080215647816658,-0.023915234394371508,0.06911117285490036,0.0,0.1778480127453804,-0.08373769149184226,-0.1080215647816658
3450,16.125,-0.12971922755241394,-0.02238024100661278,0.11760139763355255,0.0,0.17851609140634536,-0.09038547538220883,-0.12971922755241394
3460,16.5,-0.10403663665056229,-0.030590860545635222,0.08074016571044922,0.0,0.17778645157814027,-0.08081967607140542,-0.10403663665056229
3470,16.75,-0.12954656779766083,-0.028662989288568495,0.10580486655235291,0.0,0.18008776307106017,-0.09507023617625236,-0.12954656779766083
3480,14.8125,-0.13967645168304443,-0.026577877812087536,0.12487495839595794,0.0,0.18228707760572432,-0.10231583826243877,-0.13967645168304443
3490,11.625,-0.11159833520650864,-0.032133559510111806,0.11229924708604813,0.0,0.17914655953645706,-0.08959337994456291,-0.11159833520650864
3500,9.75,-0.10992293059825897,-0.03100852109491825,0.07250755727291107,0.0,0.18082701563835143,-0.08841278329491616,-0.10992293059825897
3510,14.6875,-0.09814254939556122,-0.029801667481660844,0.07562765777111054,0.0,0.18314325213432311,-0.0964653130620718,-0.09814254939556122
3520,11.6875,-0.1260126531124115,-0.026628866977989673,0.09486126452684403,0.0,0.1844243049621582,-0.09043426848948002,-0.1260126531124115
3530,19.3125,-0.14722993969917297,-0.02870953232049942,0.08069551289081574,0.0,0.18526347130537033,-0.10836985409259796,-0.14722993969917297
3540,20.4375,-0.10322713851928711,-0.02676843963563442,0.13474795520305632,0.0,0.18595076352357864,-0.09023734778165818,-0.10322713851928711
3550,19.25,-0.1031876653432846,-0.02805379722267389,0.09579678028821945,0.0,0.18889354020357133,-0.09322804510593415,-0.1031876653432846
3560,13.9375,-0.09849357604980469,-0.031071992963552474,0.039040541648864745,0.0,0.18840856850147247,-0.08383878618478775,-0.09849357604980469
3570,16.25,-0.08000997453927994,-0.024447282031178474,0.11525220423936844,0.0,0.18963846564292908,-0.0753545556217432,-0.08000997453927994
3580,11.625,-0.09880341589450836,-0.03603780902922153,0.0996025711297989,0.0,0.18939878642559052,-0.08518743515014648,-0.09880341589450836
3590,15.375,-0.11340682208538055,-0.033970853127539155,0.04954045414924622,0.0,0.1878989413380623,-0.08749586381018162,-0.11340682208538055
3600,9.3125,-0.08558975160121918,-0.029646005108952524,0.04576578587293625,0.0,0.18905081748962402,-0.08893458470702172,-0.08558975160121918
3610,23.0625,-0.07934598624706268,-0.030268012173473836,0.13357736468315123,0.0,0.18991047590970994,-0.08981602415442466,-0.07934598624706268
3620,16.6875,-0.13138572871685028,-0.03565841484814882,0.08970347344875336,0.0,0.18803979009389876,-0.0769196592271328,-0.13138572871685028
3630,12.5625,-0.07451007515192032,-0.027512080036103725,0.06825612932443618,0.0,0.18808937966823577,-0.08322865478694438,-0.07451007515192032
3640,13.625,-0.11919093132019043,-0.026248313114047052,0.08373712748289108,0.0,0.18962077647447587,-0.08480873629450798,-0.11919093132019043
3650,12.875,-0.11372918635606766,-0.03093995377421379,0.10621857792139053,0.0,0.18756564259529113,-0.08059526979923248,-0.11372918635606766
3660,11.75,-0.11090978235006332,-0.028806273266673087,0.1089080587029457,0.0,0.18692132383584975,-0.07485692501068116,-0.11090978235006332
3670,14.4375,-0.10773314535617828,-0.024938224256038664,0.1223230242729187,0.0,0.1860637128353119,-0.0843514233827591,-0.10773314535617828
3680,17.25,-0.08156384527683258,-0.03060038685798645,0.07827218770980834,0.0,0.18636250048875808,-0.075879642739892,-0.08156384527683258
3690,13.0625,-0.05817306786775589,-0.03392763882875442,0.019734204933047294,0.0,0.18857269883155822,-0.07273572981357575,-0.05817306786775589
3700,17.3125,-0.06302837282419205,-0.03364516980946064,0.026867761090397835,0.0,0.18922680616378784,-0.06784624196588993,-0.06302837282419205
3710,21.875,-0.064753957092762,-0.0353171743452549,0.0632094606757164,0.0,0.18451321572065355,-0.07898567169904709,-0.064753957092762
3720,17.8125,-0.08303797990083694,-0.03379511162638664,0.15070684552192687,0.0,0.18661201149225234,-0.08459807001054287,-0.08303797990083694
3730,14.875,-0.14885498583316803,-0.033384785801172254,0.09600356966257095,0.0,0.1859158992767334,-0.08211309798061847,-0.14885498583316803
3740,14.4375,-0.11234405636787415,-0.02832654006779194,0.10684493482112885,0.0,0.18351573199033738,-0.07805966176092624,-0.11234405636787415
3750,13.5625,-0.13319650292396545,-0.024462203308939934,0.18614926934242249,0.0,0.18333168774843217,-0.08450714573264122,-0.13319650292396545
3760,14.0,-0.10353153944015503,-0.02949775755405426,0.22168447375297545,0.0,0.18614818453788756,-0.07493916526436806,-0.10353153944015503
3770,17.125,-0.13059543073177338,-0.03165039680898189,0.16106636226177215,0.0,0.18158538788557052,-0.0793742012232542,-0.13059543073177338
3780,14.875,-0.09079267084598541,-0.034962866455316544,0.07940358221530915,0.0,0.18086577951908112,-0.07349757924675941,-0.09079267084598541
3790,12.875,-0.08253872394561768,-0.03698401562869549,0.06198149919509888,0.0,0.17971478551626205,-0.08445624820888042,-0.08253872394561768
3800,12.1875,-0.09787969291210175,-0.0257953729480505,0.12849849164485933,0.0,0.18133272379636764,-0.0721670676022768,-0.09787969291210175
3810,13.625,-0.1309824287891388,-0.02156556472182274,0.08908168822526932,0.0,0.17766599357128143,-0.08576707467436791,-0.1309824287891388
3820,12.4375,-0.09499898552894592,-0.035151335038244726,0.06373978555202484,0.0,0.17627968043088912,-0.08729964047670365,-0.09499898552894592
3830,15.9375,-0.11384840309619904,-0.024864690750837325,0.11391018480062484,0.0,0.17861774563789368,-0.0906057171523571,-0.11384840309619904
3840,14.125,-0.10606135427951813,-0.020032020658254622,0.1893373429775238,0.0,0.17906140983104707,-0.08782029673457145,-0.10606135427951813
3850,26.25,-0.14210820198059082,-0.029887517914175987,0.11988233923912048,0.0,0.17871935218572615,-0.09773974381387233,-0.14210820198059082
3860,17.3125,-0.11608698964118958,-0.037538784369826314,0.07923700958490372,0.0,0.17976123690605164,-0.1058218665421009,-0.11608698964118958
3870,18.0,-0.10581326484680176,-0.028097511269152164,0.05352276191115379,0.0,0.1816145211458206,-0.10178443416953087,-0.10581326484680176
3880,13.3125,-0.09498100727796555,-0.03139531463384628,0.06722321510314941,0.0,0.18208473026752472,-0.08974677249789238,-0.09498100727796555
3890,25.25,-0.13304781913757324,-0.034816567599773404,0.21926286816596985,0.0,0.18335915207862855,-0.10300707966089248,-0.13304781913757324
3900,16.5625,-0.1693517565727234,-0.026608950085937978,0.34203881919384005,0.0,0.18480137586593628,-0.09789796136319637,-0.1693517565727234
3910,21.375,-0.13659000396728516,-0.029633667133748532,0.11488182693719864,0.0,0.18673926293849946,-0.09079543650150299,-0.13659000396728516
3920,20.5625,-0.12509503960609436,-0.025692638009786606,0.08947374522686005,0.0,0.18654102385044097,-0.09153044447302819,-0.12509503960609436
3930,13.5625,-0.09779460728168488,-0.03294169642031193,0.26899321675300597,0.0,0.18662829995155333,-0.09734823778271676,-0.09779460728168488
3940,24.875,-0.14603984355926514,-0.03431404493749142,0.07985207587480544,0.0,0.1876266658306122,-0.10973027013242245,-0.14603984355926514
3950,23.1875,-0.07120037078857422,-0.03012060858309269,0.10207873731851577,0.0,0.1879846766591072,-0.08168608956038952,-0.07120037078857422
3960,17.0,-0.08568571507930756,-0.025641538575291632,0.08829968571662902,0.0,0.18850627392530442,-0.09955787062644958,-0.08568571507930756
3970,18.4375,-0.0735846757888794,-0.02363809645175934,0.023749368637800215,0.0,0.1894053414463997,-0.09079972207546234,-0.0735846757888794
3980,15.375,-0.10955993831157684,-0.02774721011519432,0.10535081475973129,0.0,0.18691068440675734,-0.0851127915084362,-0.10955993831157684
3990,22.6875,-0.10171426832675934,-0.037270466610789296,0.09009320884943009,0.0,0.1860976606607437,-0.08728305697441101,-0.10171426832675934
4000,13.9375,-0.06981880217790604,-0.028893821500241758,0.09725204408168793,0.0,0.18772974908351897,-0.08345562480390072,-0.06981880217790604
4010,16.6875,-0.09336208552122116,-0.026842397637665272,0.10448349118232728,0.0,0.18535884767770766,-0.0911017119884491,-0.09336208552122116
4020,19.0625,-0.12253227829933167,-0.03287102095782757,0.11951541304588317,0.0,0.1857474759221077,-0.09203433617949486,-0.12253227829933167
4030,24.1875,-0.12904994189739227,-0.028941648080945015,0.16661334931850433,0.0,0.18692802339792253,-0.08518232963979244,-0.12904994189739227
4040,17.4375,-0.09244412928819656,-0.03323401473462582,0.07379072010517121,0.0,0.18747754245996476,-0.08648386597633362,-0.09244412928819656
4050,12.1875,-0.12621083855628967,-0.034338875114917754,0.20520780682563783,0.0,0.18610107004642487,-0.09175623096525669,-0.12621083855628967
4060,14.625,-0.1146518662571907,-0.032289246656000616,0.23654620051383973,0.0,0.1875401645898819,-0.07547074817121029,-0.1146518662571907
4070,15.8125,-0.09529564529657364,-0.030187464132905007,0.12047852724790573,0.0,0.18435838222503662,-0.08014766462147235,-0.09529564529657364
4080,21.375,-0.07073716819286346,-0.03066476434469223,0.056774402409791945,0.0,0.18503114432096482,-0.07281483262777329,-0.07073716819286346
4090,12.875,-0.14793823659420013,-0.03234741128981113,0.12454641908407212,0.0,0.1833575114607811,-0.09081657379865646,-0.14793823659420013
4100,21.6875,-0.11002442985773087,-0.035709059238433837,0.07016936242580414,0.0,0.1825917810201645,-0.07988257370889187,-0.11002442985773087
4110,17.5,-0.07761728763580322,-0.032257435470819475,0.15377125442028045,0.0,0.18372710794210434,-0.08511124365031719,-0.07761728763580322
4120,16.0,-0.09895496815443039,-0.02911648862063885,0.05789786651730537,0.0,0.18228230774402618,-0.08380081206560135,-0.09895496815443039
4130,17.4375,-0.09797681123018265,-0.027631180919706823,0.14026482701301574,0.0,0.18017237335443498,-0.08369276225566864,-0.09797681123018265
4140,14.3125,-0.09433673322200775,-0.03302023187279701,0.0406992569565773,0.0,0.18322046250104904,-0.095683878287673,-0.09433673322200775
4150,16.0,-0.10588128119707108,-0.03232416324317455,0.036870699375867844,0.0,0.17988898307085038,-0.09023402146995067,-0.10588128119707108
4160,15.9375,-0.11887136101722717,-0.034824500977993014,0.0979381412267685,0.0,0.18282038271427153,-0.08807946592569352,-0.11887136101722717
4170,20.9375,-0.10157923400402069,-0.0292999517172575,0.08009421229362487,0.0,0.18159689903259277,-0.09376104287803173,-0.10157923400402069
4180,14.9375,-0.12128963321447372,-0.03168085291981697,0.26343066096305845,0.0,0.18214542865753175,-0.09541763477027417,-0.12128963321447372
4190,16.875,-0.09242286533117294,-0.027128305286169052,0.18473151922225953,0.0,0.1833789438009262,-0.07969616763293744,-0.09242286533117294
4200,13.625,-0.1099221333861351,-0.026709646545350553,0.10384642481803893,0.0,0.1805327922105789,-0.08077852427959442,-0.1099221333861351
4210,17.8125,-0.09219443053007126,-0.029887618497014046,0.04576932936906815,0.0,0.18142620474100113,-0.0695703087374568,-0.09219443053007126
4220,14.125,-0.09223885834217072,-0.03635272458195686,0.12579031735658647,0.0,0.17956847101449966,-0.0925572007894516,-0.09223885834217072
4230,10.9375,-0.11808349192142487,-0.027354499511420726,0.08939168751239776,0.0,0.17758399099111558,-0.08963153474032878,-0.11808349192142487
4240,18.6875,-0.09722338616847992,-0.030846915394067764,0.10896184891462327,0.0,0.17890927642583848,-0.08345110863447189,-0.09722338616847992
4250,13.375,-0.08271396905183792,-0.023975858837366103,0.10331012457609176,0.0,0.17742331176996232,-0.09073495976626873,-0.08271396905183792
4260,16.75,-0.1277431696653366,-0.03394691050052643,0.05854220762848854,0.0,0.17836103439331055,-0.10713096335530281,-0.1277431696653366
4270,17.1875,-0.11750606447458267,-0.03128422629088164,0.09166131019592286,0.0,0.1761646658182144,-0.10440511628985405,-0.11750606447458267
4280,17.4375,-0.10830176621675491,-0.02604847587645054,0.1589197814464569,0.0,0.1792803779244423,-0.09441680200397969,-0.10830176621675491
4290,12.625,-0.09781461954116821,-0.02722838707268238,0.05668810829520225,0.0,0.17715224921703338,-0.10440766140818596,-0.09781461954116821
4300,13.4375,-0.12138555198907852,-0.025964776612818243,0.03947798609733581,0.0,0.18017722219228743,-0.10655524656176567,-0.12138555198907852
4310,15.875,-0.10161347687244415,-0.03646040745079517,0.019061001762747765,0.0,0.17874737232923507,-0.08610352613031864,-0.10161347687244415
4320,13.1875,-0.0973062664270401,-0.02948162369430065,0.09779238253831864,0.0,0.1796642243862152,-0.09106314107775688,-0.0973062664270401
4330,18.6875,-0.0806172713637352,-0.03138306327164173,0.056265222281217574,0.0,0.17867810726165773,-0.07909344397485256,-0.0806172713637352
4340,18.5,-0.13305939733982086,-0.030204408429563047,0.2121081233024597,0.0,0.17972965240478517,-0.10431592240929603,-0.13305939733982086
4350,18.6875,-0.08957821875810623,-0.02660338021814823,0.08230217397212983,0.0,0.1812397673726082,-0.08954888507723809,-0.08957821875810623
4360,17.375,-0.11461512744426727,-0.034922517277300356,0.1008789598941803,0.0,0.18186759650707246,-0.09108761325478554,-0.11461512744426727
4370,14.5,-0.08920781314373016,-0.022533125430345535,0.06281326562166215,0.0,0.18262906968593598,-0.08548026978969574,-0.08920781314373016
4380,15.25,-0.10078096389770508,-0.023332839459180833,0.12608131915330886,0.0,0.18329196721315383,-0.08108983635902405,-0.10078096389770508
4390,16.6875,-0.0905243307352066,-0.02626148983836174,0.09963236302137375,0.0,0.1835161715745926,-0.08221492916345596,-0.0905243307352066
4400,24.1875,-0.10283002257347107,-0.02557339519262314,0.11767354011535644,0.0,0.179799385368824,-0.09276201017200947,-0.10283002257347107
4410,20.5625,-0.16349881887435913,-0.03230191096663475,0.15154835283756257,0.0,0.18062491118907928,-0.09647706113755702,-0.16349881887435913
4420,17.4375,-0.13809415698051453,-0.03633661605417728,0.07225715965032578,0.0,0.1820041924715042,-0.11173450723290443,-0.13809415698051453
4430,24.0,-0.0652904063463211,-0.03246331587433815,0.04035562425851822,0.0,0.18510714471340178,-0.10614167340099812,-0.0652904063463211
4440,12.0,-0.11397109925746918,-0.02702121753245592,0.0687996804714203,0.0,0.18581302165985109,-0.11389385536313057,-0.11397109925746918
4450,16.4375,-0.15527990460395813,-0.030902789533138277,0.13922761231660843,0.0,0.18701258599758147,-0.09725683182477951,-0.15527990460395813
4460,19.125,-0.09609729796648026,-0.028938832506537438,0.14960769116878508,0.0,0.18819005638360978,-0.07513476051390171,-0.09609729796648026
4470,15.6875,-0.10975538939237595,-0.0307035680860281,0.17361708581447602,0.0,0.18920571655035018,-0.09695473611354828,-0.10975538939237595
4480,21.75,-0.1326272338628769,-0.02986729219555855,0.20955897569656373,0.0,0.1896492913365364,-0.08653767630457879,-0.1326272338628769
4490,23.25,-0.08655184507369995,-0.030859383568167687,0.13004781007766725,0.0,0.19019002318382264,-0.08949179202318192,-0.08655184507369995
4500,13.25,-0.10917285084724426,-0.036314147710800174,0.034021588414907454,0.0,0.19002095609903336,-0.11136275753378869,-0.10917285084724426
4510,17.9375,-0.10603343695402145,-0.03114032745361328,0.12552496790885925,0.0,0.19146105349063874,-0.09356211237609387,-0.10603343695402145
4520,17.625,-0.1909531056880951,-0.031263473257422444,0.07335534691810608,0.0,0.19270970672369003,-0.0958253089338541,-0.1909531056880951
4530,16.0625,-0.11347904056310654,-0.028353514149785042,0.04717531576752663,0.0,0.19226281046867372,-0.08617037162184715,-0.11347904056310654
4540,18.625,-0.061646655201911926,-0.028208796866238117,0.08313774317502975,0.0,0.1926757052540779,-0.09124218858778477,-0.061646655201911926
4550,16.6875,-0.08915846049785614,-0.029059964418411254,0.03974578529596329,0.0,0.1923927128314972,-0.09012260101735592,-0.08915846049785614
4560,16.9375,-0.0817343220114708,-0.027834068424999713,0.10621182322502136,0.0,0.19228149205446243,-0.08350043259561062,-0.0817343220114708
4570,16.0,-0.09008149057626724,-0.025078330561518668,0.15288423001766205,0.0,0.19061497151851653,-0.07217061519622803,-0.09008149057626724
4580,17.5,-0.09440579265356064,-0.03260620385408401,0.0892650917172432,0.0,0.191824871301651,-0.08327967822551727,-0.09440579265356064
4590,16.9375,-0.09480283409357071,-0.027841075882315637,0.07738541662693024,0.0,0.1910399928689003,-0.08886870406568051,-0.09480283409357071
4600,17.75,-0.07759051769971848,-0.027597563900053503,0.06346817910671235,0.0,0.18967489898204803,-0.07282155491411686,-0.07759051769971848
4610,19.1875,-0.09604252129793167,-0.03738851770758629,0.14247808158397673,0.0,0.19076890945434571,-0.0787841334939003,-0.09604252129793167
4620,12.5625,-0.104385145008564,-0.02782634273171425,0.09760846793651581,0.0,0.1866553768515587,-0.07581079825758934,-0.104385145008564
4630,15.9375,-0.13071532547473907,-0.02944343350827694,0.1305590644478798,0.0,0.18672733008861542,-0.08971974328160286,-0.13071532547473907
4640,19.6875,-0.11106039583683014,-0.030199262872338296,0.09222381263971328,0.0,0.1862522155046463,-0.08996953368186951,-0.11106039583683014
4650,12.8125,-0.09173581749200821,-0.03323259092867374,0.03492668867111206,0.0,0.1878497838973999,-0.10105126351118088,-0.09173581749200821
4660,15.75,-0.14956402778625488,-0.030227334052324296,0.16793370246887207,0.0,0.1864243045449257,-0.09169665649533272,-0.14956402778625488
4670,16.5,-0.134940505027771,-0.033700565062463286,0.06503863036632537,0.0,0.18464501649141313,-0.09469134919345379,-0.134940505027771
4680,19.1875,-0.11109739542007446,-0.026688098534941675,0.14143397510051728,0.0,0.18503238558769225,-0.07950303629040718,-0.11109739542007446
4690,17.4375,-0.08039665222167969,-0.02724167928099632,0.08737710565328598,0.0,0.18442013412714003,-0.08091584220528603,-0.08039665222167969
4700,15.9375,-0.08989904820919037,-0.03221150636672974,0.029607120156288146,0.0,0.1845059499144554,-0.08048109747469426,-0.08989904820919037
4710,21.0625,-0.10722274333238602,-0.0314044252038002,0.08099055737257004,0.0,0.18488733768463134,-0.08043219298124313,-0.10722274333238602
4720,14.3125,-0.07780033349990845,-0.0355591120198369,0.05782709568738938,0.0,0.18245819211006165,-0.08255534693598747,-0.07780033349990845
4730,14.0,-0.08679665625095367,-0.023308596387505532,0.050186201184988025,0.0,0.1830660730600357,-0.07598500400781631,-0.08679665625095367
4740,12.125,-0.11357340216636658,-0.03040538467466831,0.2153224378824234,0.0,0.18592902421951293,-0.07542605772614479,-0.11357340216636658
4750,13.875,-0.09327816963195801,-0.02416505552828312,0.09036891013383866,0.0,0.18510479032993316,-0.07784922868013382,-0.09327816963195801
4760,14.0625,-0.08192944526672363,-0.02816574424505234,0.05629461407661438,0.0,0.18460677862167357,-0.07674509957432747,-0.08192944526672363
4770,16.4375,-0.0806753933429718,-0.03459485378116369,0.05939463898539543,0.0,0.18489417433738708,-0.06916271299123763,-0.0806753933429718
4780,17.5625,-0.04936719313263893,-0.030672387033700944,0.05026160404086113,0.0,0.18580506443977357,-0.06863363161683082,-0.04936719313263893
4790,17.0625,-0.0780487209558487,-0.026001116447150707,0.2200435370206833,0.0,0.18805574923753737,-0.07144450247287751,-0.0780487209558487
4800,11.5,-0.08769097924232483,-0.032162603735923764,0.0852686733007431,0.0,0.18645726889371872,-0.0671427570283413,-0.08769097924232483
4810,13.875,-0.09412027895450592,-0.027871492505073547,0.2384521782398224,0.0,0.18692752420902253,-0.07531529255211353,-0.09412027895450592
4820,17.6875,-0.08486311137676239,-0.025358305871486665,0.13636190295219422,0.0,0.1870829328894615,-0.08246537819504737,-0.08486311137676239
4830,16.5,-0.10471668839454651,-0.02779293656349182,0.11737253367900849,0.0,0.18449839651584626,-0.08338047862052918,-0.10471668839454651
4840,17.75,-0.07572673261165619,-0.027634511515498162,0.05944865271449089,0.0,0.1878122165799141,-0.07313227392733097,-0.07572673261165619
4850,17.75,-0.09207920730113983,-0.02965187132358551,0.13728049397468567,0.0,0.18757534325122832,-0.07416710518300533,-0.09207920730113983
4860,16.0625,-0.08748894929885864,-0.029313130863010885,0.12434349209070206,0.0,0.18677308708429335,-0.07144208922982216,-0.08748894929885864
4870,15.25,-0.10212686657905579,-0.02809085790067911,0.07389458119869233,0.0,0.18876003623008727,-0.07309296168386936,-0.10212686657905579
4880,15.125,-0.09043778479099274,-0.027697958052158356,0.06855782419443131,0.0,0.18680809587240219,-0.06240731105208397,-0.09043778479099274
4890,15.875,-0.13793450593948364,-0.030485816299915314,0.13706864714622496,0.0,0.18626510798931123,-0.0780527088791132,-0.13793450593948364
4900,20.875,-0.12350142002105713,-0.028317692503333092,0.31785731911659243,0.0,0.18787042796611786,-0.07476107515394688,-0.12350142002105713
4910,11.8125,-0.12402217090129852,-0.025167187303304674,0.13896113336086274,0.0,0.18887935429811478,-0.07158221863210201,-0.12402217090129852
4920,13.375,-0.11249975860118866,-0.028548222780227662,0.05636996105313301,0.0,0.18709104955196382,-0.0728512778878212,-0.11249975860118866
4930,17.25,-0.10076829791069031,-0.029684756696224213,0.07489676475524902,0.0,0.18871590346097947,-0.06276096738874912,-0.10076829791069031
4940,12.75,-0.12233394384384155,-0.02610351573675871,0.1385084480047226,0.0,0.1886436089873314,-0.07360758874565362,-0.12233394384384155
4950,17.75,-0.14025580883026123,-0.029671693965792657,0.12538886070251465,0.0,0.18720954954624175,-0.0781847070902586,-0.14025580883026123
4960,14.875,-0.06908638030290604,-0.02685864847153425,0.11042636185884476,0.0,0.18954766392707825,-0.06110338494181633,-0.06908638030290604
4970,18.75,-0.08612557500600815,-0.030016839131712915,0.03929181471467018,0.0,0.1898797258734703,-0.06672651916742325,-0.08612557500600815
4980,9.8125,-0.13478896021842957,-0.026128561049699784,0.11072147637605667,0.0,0.18869495391845703,-0.06699607521295547,-0.13478896021842957
4990,16.125,-0.0752655416727066,-0.03146710302680731,0.11266137659549713,0.0,0.19046230018138885,-0.05711768642067909,-0.0752655416727066
5000,15.6875,-0.09016766399145126,-0.028485657647252083,0.13602068722248079,0.0,0.18998223096132277,-0.06579237058758736,-0.09016766399145126
