epoch,lifetime,reward_mean,policy_loss,value_loss,sym_loss,score_real_walk/full,score_fake_walk/full,disc_reward_walk/full,task_reward_0
1,15.125,-0.08741208910942078,0.12563737332820893,0.9630987286567688,0.0,-0.0019547997508198023,0.07134347409009933,0.0703585222363472,-0.049577679485082626
10,16.6875,-0.8698574602603912,-0.03170457407832146,0.23892828226089477,0.0,-0.0007968070244209634,0.07270463556051254,0.06697383522987366,-0.04639875888824463
20,14.5,-0.9700711369514465,-0.02598717324435711,0.13986722230911255,0.0,0.0058310197200626135,0.0647252481430769,0.06130841374397278,-0.04640096798539162
30,15.5625,-0.6697317957878113,-0.02674641478806734,0.051361843943595886,0.0,0.009509949013590813,0.05367403104901314,0.04596073925495148,-0.01354878768324852
40,21.4375,-0.7866976857185364,-0.02213747575879097,0.04487032368779183,0.0,0.01630879919975996,0.04732348844408989,0.042634375393390656,-0.053162507712841034
50,12.75,-1.0870672464370728,-0.029428520053625108,0.033910255506634714,0.0,0.023158798180520534,0.03697410300374031,0.03283658251166344,-0.05752313882112503
60,15.25,-1.1836920976638794,-0.023833490163087844,0.030003910511732103,0.0,0.028271202556788923,0.025684987567365168,0.018652331084012985,-0.0437408909201622
70,14.9375,-0.9951634109020233,-0.023701280914247037,0.024272315204143524,0.0,0.03575807735323906,0.013964853808283806,0.012413842603564262,-0.05079043284058571
80,16.0,-1.0017446875572205,-0.0242756400257349,0.02194327488541603,0.0,0.042151810973882674,0.006847403314895928,0.0038791662082076073,-0.055743344128131866
90,18.0625,-0.613285630941391,-0.025084841623902322,0.030523285642266272,0.0,0.048150265216827394,-0.0012284057680517434,-0.010156150907278061,-0.04610263183712959
100,12.875,-1.2034920454025269,-0.0252095527946949,0.02047034800052643,0.0,0.0561422873288393,-0.009399904310703278,-0.010098653845489025,-0.05694402754306793
110,15.3125,-0.8198885917663574,-0.02639915831387043,0.01212120447307825,0.0,0.06295055747032166,-0.01785769360139966,-0.026678306981921196,-0.053504008799791336
120,16.625,-0.7278709411621094,-0.023143872432410718,0.01045338213443756,0.0,0.07019292339682578,-0.027658890932798386,-0.03272819519042969,-0.05810626596212387
130,15.625,-0.9225922226905823,-0.0172938771545887,0.023281290382146835,0.0,0.07748637646436692,-0.03218066543340683,-0.03590075671672821,-0.054602913558483124
140,19.0,-0.5336218476295471,-0.023809996247291566,0.016139352694153786,0.0,0.08386450707912445,-0.04177510924637318,-0.0433000884950161,-0.04984394088387489
150,16.875,-1.028117060661316,-0.029792876914143562,0.008752636145800352,0.0,0.08947743922472,-0.05160109773278236,-0.050607308745384216,-0.056748032569885254
160,17.25,-1.0372388362884521,-0.02635972648859024,0.018604030832648277,0.0,0.09493721351027488,-0.057542113959789275,-0.06509622931480408,-0.06084538996219635
170,13.3125,-1.2201956510543823,-0.026097828522324562,0.01687616538256407,0.0,0.09993639513850212,-0.06304115168750286,-0.05375415086746216,-0.047851040959358215
180,13.125,-1.1318166255950928,-0.024976579844951628,0.010274580121040345,0.0,0.10456131175160407,-0.0678144171833992,-0.0741877555847168,-0.04779686778783798
190,17.875,-1.127195119857788,-0.0216696722432971,0.027725778892636298,0.0,0.10974322855472565,-0.07692815065383911,-0.08561302721500397,-0.02296701818704605
200,21.8125,-0.6504091024398804,-0.023136055283248424,0.014979862235486507,0.0,0.11512747779488564,-0.08300007432699204,-0.08781854063272476,-0.04103360325098038
210,16.75,-0.7432794570922852,-0.02414138838648796,0.01194554939866066,0.0,0.11911733224987983,-0.09031125903129578,-0.08106639236211777,-0.04217775538563728
220,19.5,-0.755990743637085,-0.025795813649892807,0.009166941046714783,0.0,0.12496507242321968,-0.09700114503502846,-0.10333884507417679,-0.04600081592798233
230,14.8125,-1.1457968354225159,-0.030459737032651903,0.011269930377602577,0.0,0.1260599248111248,-0.09939406216144561,-0.09900127351284027,-0.05092966929078102
240,19.5625,-0.5669997930526733,-0.020908536948263647,0.010457975976169109,0.0,0.12972460091114044,-0.10541967451572418,-0.11618420481681824,-0.044864386320114136
250,14.5,-0.9546855986118317,-0.024269963055849074,0.01342527624219656,0.0,0.1341520920395851,-0.11213145703077317,-0.1107841283082962,-0.048480600118637085
260,14.875,-0.9611904323101044,-0.0260987700894475,0.015917276963591576,0.0,0.13756103664636612,-0.11913816556334496,-0.12167999148368835,-0.0506397970020771
270,19.5625,-0.6711470782756805,-0.019309870153665542,0.012849157489836217,0.0,0.14077410399913787,-0.12033985555171967,-0.12382075190544128,-0.05242195725440979
280,19.625,-0.5719245672225952,-0.02197178825736046,0.009925613738596439,0.0,0.14425993114709854,-0.12525598108768463,-0.12014663219451904,-0.052134692668914795
290,14.9375,-1.2564870119094849,-0.02568422332406044,0.006532165315002203,0.0,0.14731973111629487,-0.1324838489294052,-0.13286544382572174,-0.048931706696748734
300,20.375,-0.6841719150543213,-0.023487063124775887,0.008199886046350002,0.0,0.1498091384768486,-0.13445291966199874,-0.14806067943572998,-0.05393027141690254
310,15.875,-0.8795419037342072,-0.031059542670845985,0.012818173319101334,0.0,0.15344108641147614,-0.13846180737018585,-0.14839501678943634,-0.054562292993068695
320,20.4375,-0.5846835672855377,-0.024009082466363907,0.006349454540759325,0.0,0.15464520156383516,-0.1419931620359421,-0.14172738790512085,-0.054685935378074646
330,20.125,-0.6849401593208313,-0.024887657165527342,0.006392750330269337,0.0,0.157112717628479,-0.14792720675468446,-0.14886364340782166,-0.054212410002946854
340,19.5,-0.7803943157196045,-0.024946201220154764,0.008710192143917083,0.0,0.16055939197540284,-0.15132795572280883,-0.15835458040237427,-0.04354504495859146
350,21.25,-0.8795875906944275,-0.026666009426116945,0.018995247222483157,0.0,0.16267012506723405,-0.15523057132959367,-0.1458016037940979,-0.059195563197135925
360,18.0,-0.6863163113594055,-0.02067326381802559,0.007266226690262556,0.0,0.16608636528253556,-0.16091029196977616,-0.15725088119506836,-0.04872952401638031
370,16.625,-1.179032802581787,-0.029574032686650754,0.006998190283775329,0.0,0.16716380715370177,-0.16566257327795028,-0.1587890386581421,-0.06297460198402405
380,12.875,-1.2738654613494873,-0.024005426093935966,0.009107077121734619,0.0,0.16771603226661683,-0.17022351175546646,-0.16210417449474335,-0.05507254600524902
390,18.125,-0.5899491608142853,-0.023667559027671814,0.009243745449930429,0.0,0.17129044681787492,-0.17358628958463668,-0.15994498133659363,-0.049662016332149506
400,19.5,-0.6990357935428619,-0.025944474339485168,0.012853999808430671,0.0,0.17169821858406067,-0.17520568519830704,-0.1806257665157318,-0.05388130247592926
410,14.9375,-0.9826180040836334,-0.02549908757209778,0.006776363030076027,0.0,0.1728471741080284,-0.17788634300231934,-0.16991156339645386,-0.049156926572322845
420,19.75,-0.9940145015716553,-0.0229479999281466,0.008271646313369274,0.0,0.1754116714000702,-0.1819077104330063,-0.1965753138065338,-0.0469934344291687
430,18.125,-0.9042372405529022,-0.024065074510872364,0.012571295350790023,0.0,0.1765831768512726,-0.18241642266511918,-0.19803377985954285,-0.05736333131790161
440,18.4375,-0.8918108940124512,-0.025042747706174852,0.01018801610916853,0.0,0.17922145128250122,-0.17946859151124955,-0.17543581128120422,-0.05546628683805466
450,16.625,-0.9844374656677246,-0.0254720913246274,0.00953788347542286,0.0,0.18063056021928786,-0.18670466989278794,-0.1724497675895691,-0.050859056413173676
460,16.1875,-1.181467592716217,-0.02806173972785473,0.0088888356462121,0.0,0.181545989215374,-0.18475889265537263,-0.17683911323547363,-0.05340525507926941
470,23.625,-0.7986597418785095,-0.02466359231621027,0.007773438841104508,0.0,0.18317600786685945,-0.19267527163028716,-0.1990058571100235,-0.04092848300933838
480,17.6875,-0.800564706325531,-0.028432046249508857,0.011732769757509231,0.0,0.18316903263330458,-0.19426243007183075,-0.19045975804328918,-0.053019069135189056
490,16.6875,-1.0895387530326843,-0.023108473047614098,0.007753865886479616,0.0,0.18468053340911866,-0.19541086107492447,-0.197977215051651,-0.04411127418279648
500,22.875,-0.7071052193641663,-0.026196930930018424,0.006392636150121689,0.0,0.18660508543252946,-0.20125497430562972,-0.20819181203842163,-0.04326191544532776
510,17.25,-0.8829548060894012,-0.01988617181777954,0.008779876492917537,0.0,0.1869936928153038,-0.19796168357133864,-0.1673535704612732,-0.04742370918393135
520,15.8125,-1.2814710140228271,-0.02604937441647053,0.015621980279684066,0.0,0.18877143263816834,-0.20253482311964036,-0.18703389167785645,-0.049715109169483185
530,16.25,-1.0780277848243713,-0.0275417510420084,0.011391632445156574,0.0,0.1908649206161499,-0.20771394670009613,-0.19782480597496033,-0.02064412087202072
540,17.375,-0.8674672544002533,-0.019329789280891418,0.02583758682012558,0.0,0.19181799292564392,-0.2003140330314636,-0.1763717085123062,-0.008548250421881676
550,20.375,-0.9035176038742065,-0.024439801275730134,0.011683365516364574,0.0,0.191678024828434,-0.2047828957438469,-0.20968881249427795,-0.04814041033387184
560,19.0625,-0.6862302422523499,-0.017264787666499616,0.01916983276605606,0.0,0.1906650707125664,-0.206995590031147,-0.20562680065631866,-0.003983577713370323
570,17.9375,-0.703199952840805,-0.024387363344430923,0.0075404421426355835,0.0,0.19336482286453247,-0.20609794557094574,-0.1907472312450409,-0.05324440076947212
580,14.9375,-0.9988263249397278,-0.02170351818203926,0.007809654716402293,0.0,0.19311835020780563,-0.20744615346193312,-0.21748140454292297,-0.036835458129644394
590,18.3125,-0.9073992669582367,-0.025323839485645296,0.009462854452431202,0.0,0.19450425505638122,-0.20942679792642593,-0.20397749543190002,-0.060923896729946136
600,23.8125,-0.7189486026763916,-0.024646761268377303,0.006706794071942568,0.0,0.1951960250735283,-0.2139850839972496,-0.23148255050182343,-0.04408784583210945
610,25.9375,-0.8169717192649841,-0.01852132547646761,0.00916238222271204,0.0,0.19620198458433152,-0.216966213285923,-0.22646352648735046,-0.05252155661582947
620,16.25,-0.9989237785339355,-0.022918971627950667,0.012262453697621823,0.0,0.19807292222976686,-0.2134533107280731,-0.19994178414344788,-0.05618521571159363
630,17.5,-0.9150235652923584,-0.020031391084194182,0.005181018728762865,0.0,0.198783802986145,-0.2222326248884201,-0.22844216227531433,-0.053320154547691345
640,18.1875,-1.0133094191551208,-0.02910800613462925,0.005741168465465307,0.0,0.19808469265699385,-0.22095517963171005,-0.2305944263935089,-0.0543864443898201
650,16.75,-1.0037059783935547,-0.024619699269533158,0.008410258311778307,0.0,0.19779335409402848,-0.21854004114866257,-0.21209374070167542,-0.05408526211977005
660,14.5,-1.1872639060020447,-0.02609766088426113,0.006792499497532844,0.0,0.1994498446583748,-0.21800703257322313,-0.1974496692419052,-0.047046955674886703
670,21.4375,-0.816042959690094,-0.026503928005695343,0.010276980977505446,0.0,0.20083795189857484,-0.22630442380905152,-0.23365050554275513,-0.04488027095794678
680,18.1875,-1.0123828649520874,-0.028334217518568038,0.012636576779186726,0.0,0.20227114707231522,-0.22582946419715882,-0.232923224568367,-0.05228541046380997
690,18.1875,-0.9209236204624176,-0.029242637753486633,0.009415685944259167,0.0,0.2014247730374336,-0.22741433680057527,-0.23465149104595184,-0.05962524563074112
700,20.5625,-0.8249124884605408,-0.023149963840842246,0.008522110618650913,0.0,0.20226308107376098,-0.22691866010427475,-0.24204674363136292,-0.05437096953392029
710,16.25,-1.107705533504486,-0.022133409045636654,0.006692202761769295,0.0,0.20332289189100267,-0.22745022773742676,-0.23264479637145996,-0.04997163265943527
720,22.4375,-0.9132420420646667,-0.022862163558602332,0.007333224918693304,0.0,0.20563407689332963,-0.22740745544433594,-0.22911785542964935,-0.04941257834434509
730,15.3125,-0.9086730778217316,-0.026515200920403003,0.008990606013685464,0.0,0.20491111278533936,-0.22794060558080673,-0.2224438488483429,-0.048819199204444885
740,25.75,-0.6231236457824707,-0.02442944943904877,0.004915670864284039,0.0,0.20471885949373245,-0.22781630903482436,-0.22897431254386902,-0.051054880023002625
750,19.375,-0.8857921957969666,-0.020597170293331146,0.01771765612065792,0.0,0.2050615519285202,-0.22499144822359085,-0.20885959267616272,-0.017125822603702545
760,15.625,-1.0235892534255981,-0.02517663761973381,0.004001971706748009,0.0,0.2067403554916382,-0.23010163754224777,-0.25231948494911194,-0.05452989786863327
770,24.25,-0.5228793919086456,-0.025806428864598274,0.00682716928422451,0.0,0.20745957940816878,-0.2256835326552391,-0.22669601440429688,-0.04575781524181366
780,18.25,-0.7136178016662598,-0.026948958821594714,0.009761351346969604,0.0,0.2058626115322113,-0.2293150916695595,-0.21787989139556885,-0.04883823171257973
790,17.75,-0.9318398237228394,-0.02518078461289406,0.0034096359740942717,0.0,0.20743813812732698,-0.240116386115551,-0.2639901041984558,-0.05193587392568588
800,22.75,-0.7218896746635437,-0.025205234438180922,0.003351746452972293,0.0,0.20714239329099654,-0.22848040461540223,-0.23817162215709686,-0.04559731483459473
810,20.5625,-0.8237575888633728,-0.021618036553263664,0.005957207735627889,0.0,0.20870159566402435,-0.23225162476301192,-0.23933067917823792,-0.05525652691721916
820,23.8125,-0.7247200906276703,-0.021410693787038325,0.006690159812569619,0.0,0.20826610028743744,-0.2344518259167671,-0.25791531801223755,-0.03159907087683678
830,14.8125,-0.9164705872535706,-0.0191900547593832,0.0072694775648415085,0.0,0.20940089523792266,-0.23182134926319123,-0.2328517735004425,-0.053730692714452744
840,14.625,-1.0314400792121887,-0.021188078075647356,0.004147876240313053,0.0,0.21027081608772277,-0.23661411702632903,-0.26631540060043335,-0.05918340012431145
850,16.4375,-0.9093906879425049,-0.023757802695035933,0.007503941003233194,0.0,0.21045662462711334,-0.23676200211048126,-0.22274309396743774,-0.05089179053902626
860,22.25,-0.7167856693267822,-0.022610564716160297,0.007991752494126559,0.0,0.21269871890544892,-0.23724833577871324,-0.21512974798679352,-0.058089371770620346
870,20.25,-1.0243472456932068,-0.02653540000319481,0.00312058818526566,0.0,0.21321845650672913,-0.24134303778409957,-0.25978368520736694,-0.04904569312930107
880,16.5,-0.9147241115570068,-0.021945174783468246,0.006316837016493082,0.0,0.21287423819303514,-0.23400485664606094,-0.2375321090221405,-0.046403367072343826
890,21.1875,-0.8291667401790619,-0.024145803507417442,0.01007616687566042,0.0,0.21106955856084825,-0.2446806848049164,-0.25650179386138916,-0.04857455939054489
900,19.6875,-0.7293350398540497,-0.0213174968957901,0.00483030965551734,0.0,0.2135816276073456,-0.24279562681913375,-0.24665406346321106,-0.05399420112371445
910,20.375,-0.6299140155315399,-0.026867822743952274,0.005449424684047699,0.0,0.21304519176483155,-0.24690359681844712,-0.2553498148918152,-0.03884606063365936
920,23.375,-0.521005168557167,-0.023063066229224206,0.00811449084430933,0.0,0.21566935628652573,-0.24326421618461608,-0.22775991261005402,-0.04148118570446968
930,17.875,-0.9204186499118805,-0.024358749389648438,0.00783958174288273,0.0,0.2134987324476242,-0.2481851801276207,-0.24597734212875366,-0.04928883910179138
940,20.9375,-0.826579213142395,-0.026889029890298843,0.004158916184678674,0.0,0.21534350663423538,-0.2510105684399605,-0.2393140196800232,-0.06229809671640396
950,17.1875,-0.9147448837757111,-0.022917556390166283,0.008468566555529832,0.0,0.21539706587791443,-0.25707006007432937,-0.2266043871641159,-0.05740049108862877
960,16.6875,-0.8334662318229675,-0.02219623476266861,0.0065413772128522394,0.0,0.21539920717477798,-0.25653804540634156,-0.2514594495296478,-0.06451251357793808
970,13.4375,-0.9279359579086304,-0.026267211884260178,0.004398292070254684,0.0,0.21541254371404647,-0.25772237181663515,-0.2671254277229309,-0.045155905187129974
980,14.6875,-1.0333601832389832,-0.021215584501624106,0.005405377596616745,0.0,0.21536064743995667,-0.25194418579339983,-0.26455944776535034,-0.06537474691867828
990,28.1875,-0.8332531750202179,-0.025912464782595634,0.003134199185296893,0.0,0.21648204028606416,-0.25032251328229904,-0.263105571269989,-0.05113453045487404
1000,17.75,-0.6129383146762848,-0.02152985371649265,0.006064892467111349,0.0,0.21564130187034608,-0.24755973368883133,-0.22190159559249878,-0.037576980888843536
1010,19.9375,-1.0151955783367157,-0.02355211917310953,0.00998592097312212,0.0,0.2155267760157585,-0.23903803527355194,-0.26016825437545776,-0.029805894941091537
1020,20.8125,-0.8492541313171387,-0.026766520366072653,0.005511321127414703,0.0,0.21564533114433287,-0.2581224039196968,-0.2909163534641266,-0.056985463947057724
1030,19.8125,-1.0061467587947845,-0.02785085216164589,0.005659006349742412,0.0,0.21622120290994645,-0.25907185226678847,-0.24393342435359955,-0.02802998386323452
1040,18.125,-0.8303268849849701,-0.027702209539711475,0.006470740959048271,0.0,0.21578887701034546,-0.25230073779821394,-0.26316601037979126,-0.04755178466439247
1050,20.75,-0.8429090976715088,-0.02945783343166113,0.008309442549943924,0.0,0.21733312904834748,-0.26149519681930544,-0.2931147813796997,-0.04237748309969902
1060,20.1875,-0.8407963514328003,-0.024712613970041274,0.005719623062759638,0.0,0.21954805701971053,-0.26142806112766265,-0.27539825439453125,-0.05407794564962387
1070,17.25,-1.026457279920578,-0.02294826991856098,0.006517434865236283,0.0,0.21732326298952104,-0.254379902780056,-0.26442214846611023,-0.051498621702194214
1080,14.6875,-0.9225119352340698,-0.023092083632946014,0.006067663058638572,0.0,0.21821788400411607,-0.2634895294904709,-0.2501858174800873,-0.05085402727127075
1090,19.3125,-1.111337423324585,-0.025821954011917114,0.005985351279377937,0.0,0.21736387610435487,-0.26465356051921846,-0.240489199757576,-0.05025668069720268
1100,20.9375,-0.9362680017948151,-0.018575542047619818,0.004495471809059381,0.0,0.22028573006391525,-0.2721821516752243,-0.272316038608551,-0.05595940351486206
1110,27.6875,-0.8461050987243652,-0.024735791236162187,0.004363338509574532,0.0,0.2197710633277893,-0.2681574493646622,-0.28541338443756104,-0.05319897457957268
1120,26.6875,-0.6423534452915192,-0.02812459096312523,0.002747967839241028,0.0,0.2194199338555336,-0.2698101907968521,-0.2655163109302521,-0.05525676906108856
1130,21.5,-0.6250022053718567,-0.026013096049427985,0.005571329221129418,0.0,0.22150080800056457,-0.2690636605024338,-0.24197041988372803,-0.04300163686275482
1140,17.8125,-1.1121013164520264,-0.02131912112236023,0.011989916115999222,0.0,0.21964705735445023,-0.2746572732925415,-0.24988149106502533,-0.0435609444975853
1150,28.8125,-0.2606508359313011,-0.023527170158922674,0.00942955855280161,0.0,0.22171376943588256,-0.273362335562706,-0.3003461956977844,-0.02799232304096222
1160,17.0625,-1.0405304431915283,-0.026563458144664764,0.0049030548892915245,0.0,0.22006666660308838,-0.2803005248308182,-0.29052579402923584,-0.05444152653217316
1170,22.0,-0.8394150137901306,-0.027517728693783283,0.006856751162558794,0.0,0.22127498239278792,-0.27260879427194595,-0.2729182541370392,-0.05525118112564087
1180,17.4375,-1.0296975076198578,-0.022934532910585403,0.004333471693098545,0.0,0.21921211034059523,-0.27536787986755373,-0.2748461663722992,-0.0492776557803154
1190,24.3125,-0.7493076324462891,-0.023317683860659598,0.0039677218534052375,0.0,0.2219936579465866,-0.2794819861650467,-0.2872522473335266,-0.05537339672446251
1200,19.25,-0.9224010109901428,-0.019660524651408197,0.007654251717031002,0.0,0.22259249091148375,-0.28523559868335724,-0.251594603061676,-0.051893450319767
1210,23.8125,-0.8449448943138123,-0.028140020743012428,0.003934134822338819,0.0,0.2231597200036049,-0.28710248321294785,-0.29562050104141235,-0.0457046777009964
1220,19.125,-0.944364070892334,-0.024769706651568413,0.005755758378654718,0.0,0.22292507737874984,-0.28123426139354707,-0.28601181507110596,-0.05984138697385788
1230,20.375,-0.9595538973808289,-0.02652872782200575,0.003986517433077097,0.0,0.223613141477108,-0.29087022244930266,-0.317781925201416,-0.05900005251169205
1240,17.5,-1.1321367025375366,-0.02503267377614975,0.007009523827582598,0.0,0.22280957996845246,-0.2892745345830917,-0.28148066997528076,-0.0528445690870285
1250,23.125,-0.7533366978168488,-0.024425888434052467,0.0045410625636577604,0.0,0.22164260745048522,-0.2930538833141327,-0.28905922174453735,-0.060407787561416626
1260,24.4375,-0.3595399484038353,-0.024336224794387816,0.004622001806274057,0.0,0.2231444850564003,-0.282354348897934,-0.29972484707832336,-0.03379032760858536
1270,29.6875,-0.9505454897880554,-0.02135450132191181,0.008427025098353625,0.0,0.22205618917942047,-0.29423229694366454,-0.3087467551231384,-0.05042795464396477
1280,20.75,-0.9359778463840485,-0.02751798741519451,0.007326454017311334,0.0,0.22371976673603058,-0.2920289933681488,-0.28215843439102173,-0.04597855359315872
1290,19.8125,-0.9606102406978607,-0.02604306172579527,0.004746872279793024,0.0,0.22197870761156083,-0.3013529270887375,-0.33267760276794434,-0.046140287071466446
1300,21.4375,-0.9458855390548706,-0.024767102859914302,0.007169473636895418,0.0,0.22424975782632828,-0.29927133619785307,-0.29314732551574707,-0.0545286200940609
1310,26.5,-0.6718670129776001,-0.02741487268358469,0.0034211603924632072,0.0,0.22692407965660094,-0.3022596761584282,-0.33377543091773987,-0.047261886298656464
1320,23.25,-0.8558691740036011,-0.02537286765873432,0.00421773511916399,0.0,0.22685098350048066,-0.2995867609977722,-0.3045157194137573,-0.05836191028356552
1330,21.375,-0.9672742486000061,-0.02303889226168394,0.002712248498573899,0.0,0.22751836478710175,-0.3013924151659012,-0.34204748272895813,-0.05098076909780502
1340,20.25,-0.9513998031616211,-0.020067966170609,0.004666373087093234,0.0,0.22750377655029297,-0.30378192365169526,-0.30770447850227356,-0.052099186927080154
1350,22.9375,-0.8563326895236969,-0.01943199187517166,0.004438472259789705,0.0,0.22788897156715393,-0.3007385104894638,-0.30951523780822754,-0.053365129977464676
1360,18.4375,-1.036014348268509,-0.028000155463814735,0.0044789578765630726,0.0,0.23027774095535278,-0.2961622178554535,-0.28380948305130005,-0.054082076996564865
1370,21.4375,-0.8325695991516113,-0.024738930538296698,0.004217745736241341,0.0,0.23059077709913253,-0.29891331791877745,-0.26870477199554443,-0.04606272280216217
1380,18.9375,-0.6184044778347015,-0.024785345047712327,0.009486773423850537,0.0,0.2297445222735405,-0.2943026080727577,-0.223195880651474,-0.04947911947965622
1390,22.625,-0.762964278459549,-0.02698839418590069,0.005764918774366379,0.0,0.22916805744171143,-0.2969467282295227,-0.31069204211235046,-0.057424433529376984
1400,21.8125,-0.8447817265987396,-0.02459852285683155,0.004085046146064997,0.0,0.23232697546482087,-0.2968405932188034,-0.2786833941936493,-0.06234774366021156
1410,20.1875,-0.9597485661506653,-0.028021977841854097,0.007159620895981789,0.0,0.2311274528503418,-0.29285329580307007,-0.32507750391960144,-0.05207289382815361
1420,30.8125,-0.5519889295101166,-0.020638390071690084,0.004032105440273881,0.0,0.23242244124412537,-0.2926881670951843,-0.2777470052242279,-0.054169587790966034
1430,20.625,-0.9573663473129272,-0.024844092875719072,0.0045838277786970135,0.0,0.23312075436115265,-0.30287072658538816,-0.3210721015930176,-0.05458866059780121
1440,18.8125,-0.8563191890716553,-0.02181215099990368,0.0031929951161146163,0.0,0.23268856555223466,-0.30180642008781433,-0.3158774971961975,-0.048238277435302734
1450,22.0,-0.6496734023094177,-0.02627926729619503,0.005947418883442879,0.0,0.23466466516256332,-0.29308742880821226,-0.28808116912841797,-0.04928767681121826
1460,21.4375,-0.7425491213798523,-0.025017129629850386,0.011264217272400855,0.0,0.23409070819616318,-0.30165412425994875,-0.2783774733543396,-0.04682081192731857
1470,26.25,-0.48145394027233124,-0.026843821071088313,0.003152037225663662,0.0,0.23347304612398148,-0.3090506374835968,-0.32838279008865356,-0.05548025667667389
1480,19.9375,-0.7472775876522064,-0.022127773612737656,0.0036614603362977506,0.0,0.23334042578935624,-0.3071225106716156,-0.28861355781555176,-0.050152555108070374
1490,11.875,-1.4081968069076538,-0.02481495440006256,0.005987725406885147,0.0,0.2354148268699646,-0.3009427130222321,-0.2543751001358032,-0.05835042893886566
1500,19.3125,-0.45145902037620544,-0.02577628493309021,0.006277666985988617,0.0,0.23659710139036177,-0.30191290080547334,-0.2731909155845642,-0.05238688737154007
1510,18.8125,-1.2391380667686462,-0.02433888576924801,0.005508955288678408,0.0,0.2382035493850708,-0.3089768797159195,-0.31191298365592957,-0.047771155834198
1520,22.4375,-0.8384508490562439,-0.023884181678295136,0.004422844015061855,0.0,0.23666621297597884,-0.2956381648778915,-0.2761968672275543,-0.052205733954906464
1530,19.25,-1.1192726492881775,-0.02537211887538433,0.006382128968834877,0.0,0.23828684836626052,-0.29974780678749086,-0.2930141091346741,-0.015725065022706985
1540,24.625,-0.7540310025215149,-0.021240713819861413,0.0032774324994534255,0.0,0.240455786883831,-0.2832267254590988,-0.29266074299812317,-0.060438111424446106
1550,22.0625,-0.7641149759292603,-0.028632915019989012,0.01912170499563217,0.0,0.23830072432756425,-0.30414954125881194,-0.3203168511390686,-0.05267325043678284
1560,14.25,-1.1292833089828491,-0.025005611777305602,0.008380018174648285,0.0,0.23798526972532272,-0.2951123923063278,-0.2800806760787964,-0.0526842325925827
1570,21.1875,-1.0311336517333984,-0.02047543115913868,0.006836219131946564,0.0,0.23952730596065522,-0.28286863267421725,-0.2697511315345764,-0.05572265386581421
1580,25.875,-0.647997260093689,-0.01933750733733177,0.0065065320581197735,0.0,0.24166354387998581,-0.2826558440923691,-0.27789950370788574,-0.05425111949443817
1590,16.1875,-0.9464241862297058,-0.029192370548844337,0.0038595693185925484,0.0,0.2426189363002777,-0.2861612305045128,-0.30070942640304565,-0.0540805459022522
1600,22.5625,-0.7422672510147095,-0.02297884039580822,0.0050450627692043785,0.0,0.24192190021276475,-0.2858723044395447,-0.27084147930145264,-0.05806451290845871
1610,21.25,-0.7555751800537109,-0.020594286173582076,0.006940566189587116,0.0,0.24391116052865983,-0.2890265494585037,-0.30499541759490967,-0.051351409405469894
1620,23.1875,-0.8445611596107483,-0.019950153771787882,0.004604389192536473,0.0,0.24110036343336105,-0.2777438908815384,-0.2869899272918701,-0.05426587164402008
1630,21.5,-0.9315692782402039,-0.024814299121499062,0.0040427858941257,0.0,0.24181113094091417,-0.28330816626548766,-0.27568817138671875,-0.04926665127277374
1640,19.5,-0.7475032806396484,-0.02920906078070402,0.006032358761876822,0.0,0.24219862669706343,-0.2764741837978363,-0.2902391850948334,-0.05042613297700882
1650,19.4375,-0.8281804025173187,-0.029700695537030697,0.010869815945625305,0.0,0.24727898240089416,-0.27114571928977965,-0.25888746976852417,-0.04873432219028473
1660,19.1875,-0.926689624786377,-0.025837821885943413,0.004975657165050507,0.0,0.24509676396846772,-0.27366538941860197,-0.2617957890033722,-0.051341623067855835
1670,20.3125,-0.9376566410064697,-0.022605494037270545,0.006641482189297676,0.0,0.24903037399053574,-0.2759244903922081,-0.290160208940506,-0.047726910561323166
1680,21.375,-0.9349002838134766,-0.0284694816917181,0.003993547940626741,0.0,0.24925998747348785,-0.268515020608902,-0.28582116961479187,-0.04422876983880997
1690,20.1875,-0.7460574507713318,-0.02614339105784893,0.006150262337177992,0.0,0.24886158257722854,-0.2766984686255455,-0.283157616853714,-0.05418115109205246
1700,21.8125,-0.8290292322635651,-0.026653847098350524,0.0035187552217394113,0.0,0.24814424961805343,-0.2742066740989685,-0.25248879194259644,-0.058757126331329346
1710,22.6875,-0.7390961945056915,-0.024607278127223253,0.0055480170994997025,0.0,0.2514413520693779,-0.269082573056221,-0.2812327742576599,-0.041847772896289825
1720,20.875,-0.8266159892082214,-0.02407649755477905,0.004076128918677568,0.0,0.2508108139038086,-0.27538583278656004,-0.2543923258781433,-0.05235004425048828
1730,23.8125,-0.632821261882782,-0.026976725645363332,0.001898911758325994,0.0,0.25020755678415296,-0.2597248300909996,-0.25290822982788086,-0.05176040530204773
1740,25.0,-0.7379116714000702,-0.028682086057960986,0.002177192084491253,0.0,0.2521375671029091,-0.264756141602993,-0.27261853218078613,-0.048869941383600235
1750,18.375,-1.1126671433448792,-0.027130236104130744,0.006205954123288393,0.0,0.2523266837000847,-0.2646605625748634,-0.25315219163894653,-0.04716900363564491
1760,20.9375,-0.8191614747047424,-0.030333705246448517,0.006004807073622942,0.0,0.2564643740653992,-0.26371890604496,-0.2417146861553192,-0.05107917636632919
1770,19.75,-1.1096638441085815,-0.017459428682923318,0.00493304505944252,0.0,0.25597189664840697,-0.25502974539995193,-0.23585957288742065,-0.05803190916776657
1780,19.9375,-0.8122165203094482,-0.02516643237322569,0.009121938515454531,0.0,0.25573810338974,-0.25677949488162993,-0.2279292345046997,-0.051249854266643524
1790,17.8125,-1.00682932138443,-0.024996939487755297,0.003360671270638704,0.0,0.2547461956739426,-0.2687936991453171,-0.2348778396844864,-0.048373062163591385
1800,23.5625,-0.7157489061355591,-0.02551930323243141,0.0039422611705958845,0.0,0.25589433312416077,-0.2512970954179764,-0.22796599566936493,-0.049691520631313324
1810,18.0,-1.0214333534240723,-0.02819936964660883,0.005888359900563955,0.0,0.2570265829563141,-0.25347182154655457,-0.26322388648986816,-0.05050733685493469
1820,19.5625,-0.9107623100280762,-0.024447387736290693,0.0031079295556992294,0.0,0.2603984385728836,-0.24710074812173843,-0.22672075033187866,-0.05536562204360962
1830,18.875,-1.0060733258724213,-0.02267640233039856,0.0050207718275487425,0.0,0.2601871281862259,-0.23642792850732802,-0.223728209733963,-0.059925422072410583
1840,24.1875,-0.7192124128341675,-0.027257936261594295,0.005534195434302091,0.0,0.26003374755382536,-0.24398285150527954,-0.23767930269241333,-0.04604615271091461
1850,18.625,-1.2080990672111511,-0.029159864597022533,0.008342662919312715,0.0,0.25773124396800995,-0.251357401907444,-0.24627919495105743,-0.054072774946689606
1860,23.3125,-0.7049742937088013,-0.025724592804908752,0.010233875177800656,0.0,0.26124453246593476,-0.23870143294334412,-0.19695523381233215,-0.05971146374940872
1870,20.6875,-0.7148703932762146,-0.020282443985342978,0.0025503759272396563,0.0,0.2605416178703308,-0.24655427485704423,-0.2249775230884552,-0.049849264323711395
1880,20.125,-0.6233234703540802,-0.028534536808729173,0.006633624713867903,0.0,0.26348399817943574,-0.2480432391166687,-0.22607341408729553,-0.06020946428179741
1890,20.0,-1.0341852009296417,-0.027055992744863033,0.006706700380891562,0.0,0.26504403352737427,-0.2498595878481865,-0.2921367883682251,-0.0471186637878418
1900,25.125,-0.7162728309631348,-0.02567867934703827,0.01762734092772007,0.0,0.2646915078163147,-0.2383670061826706,-0.266746461391449,-0.012735075317323208
1910,23.1875,-0.5195793807506561,-0.03055635467171669,0.008410726208239794,0.0,0.26325655579566953,-0.23367142528295518,-0.21371060609817505,-0.05589975416660309
1920,24.1875,-0.8143410682678223,-0.020518026500940322,0.007413004152476787,0.0,0.26304599046707156,-0.2394631877541542,-0.22587460279464722,-0.058045029640197754
1930,30.0,-0.8447023630142212,-0.02318505235016346,0.007831732928752898,0.0,0.2644085258245468,-0.24513841569423675,-0.28207433223724365,-0.06176997721195221
1940,19.375,-1.0021835565567017,-0.027241858839988708,0.005140038952231407,0.0,0.2652849406003952,-0.24472950100898744,-0.24271580576896667,-0.032555289566516876
1950,21.1875,-0.7178200483322144,-0.028733322769403456,0.004189156461507082,0.0,0.2649629354476929,-0.25207545310258866,-0.2230517566204071,-0.06072995066642761
1960,17.125,-0.5083610713481903,-0.02596900165081024,0.004995887540280819,0.0,0.2651918470859528,-0.24076444059610366,-0.19989924132823944,-0.04776937514543533
1970,17.6875,-0.8213577270507812,-0.02394520379602909,0.004324981989338994,0.0,0.26440177857875824,-0.2466612473130226,-0.253833532333374,-0.04515836760401726
1980,19.4375,-0.9192712903022766,-0.025456035509705544,0.005762773286551237,0.0,0.2658587843179703,-0.2490767255425453,-0.24869412183761597,-0.0542081743478775
1990,15.4375,-0.9147644639015198,-0.028190544992685317,0.00738467862829566,0.0,0.26724319756031034,-0.2455093741416931,-0.2421497106552124,-0.050184331834316254
2000,21.3125,-1.0310446918010712,-0.026538846269249915,0.00751210181042552,0.0,0.26881262063980105,-0.229786279797554,-0.2760108709335327,-0.05873174965381622
2010,32.75,-0.6258666217327118,-0.028970992565155028,0.009639016166329385,0.0,0.2666350483894348,-0.24084286093711854,-0.23073050379753113,-0.059890635311603546
2020,28.75,-0.5311456322669983,-0.025432352162897586,0.0051624361425638195,0.0,0.26899111866950987,-0.23120915591716767,-0.2471669614315033,-0.04632672667503357
2030,26.125,-0.7031279504299164,-0.026177827268838882,0.004557831399142742,0.0,0.27121342420578004,-0.22812675088644027,-0.19952607154846191,-0.053713131695985794
2040,17.25,-0.8129907548427582,-0.027493716962635518,0.006000727135688067,0.0,0.2697795003652573,-0.2350166216492653,-0.2315545380115509,-0.048548806458711624
2050,18.125,-1.094108372926712,-0.027926068380475046,0.026882338523864745,0.0,0.27064043581485747,-0.2352904587984085,-0.26442766189575195,-0.002285407390445471
2060,28.125,-0.7184971570968628,-0.023857046291232108,0.009488804079592229,0.0,0.27119563817977904,-0.22301991283893585,-0.22924670577049255,-0.053698912262916565
2070,15.625,-0.8964921236038208,-0.026074718683958054,0.005219398625195026,0.0,0.27049530744552613,-0.2255200892686844,-0.20183631777763367,-0.05399741232395172
2080,18.4375,-1.0947983860969543,-0.025829861871898174,0.005488915368914604,0.0,0.2715827256441116,-0.2209323301911354,-0.21269595623016357,-0.05646529048681259
2090,23.875,-0.8934979438781738,-0.020616726949810982,0.005047379061579704,0.0,0.27117711007595063,-0.21507231295108795,-0.1976061761379242,-0.05139930546283722
2100,14.4375,-1.094962239265442,-0.020680616423487664,0.005919565074145794,0.0,0.27137739658355714,-0.2073894754052162,-0.21678775548934937,-0.05434441566467285
2110,17.9375,-0.89588662981987,-0.026065008714795113,0.004136073449626565,0.0,0.269129154086113,-0.22254497408866883,-0.21180438995361328,-0.044868532568216324
2120,32.375,-0.6194775402545929,-0.029716265201568604,0.0028521806467324494,0.0,0.2698445975780487,-0.2280512720346451,-0.22851410508155823,-0.050403207540512085
2130,26.0,-0.8076446056365967,-0.023812200501561166,0.006705887150019407,0.0,0.2698781043291092,-0.20070487260818481,-0.22142177820205688,-0.05197496712207794
2140,18.875,-1.0107761025428772,-0.025250230357050894,0.0061888258904218675,0.0,0.27316749691963194,-0.2072201833128929,-0.2395286113023758,-0.05355185270309448
2150,25.6875,-0.5005294978618622,-0.025576765462756158,0.008744936343282462,0.0,0.27270483672618867,-0.1902398943901062,-0.18494859337806702,-0.04924161732196808
2160,21.1875,-0.9855513572692871,-0.028346582129597665,0.005374546814709902,0.0,0.27302215397357943,-0.19982367157936096,-0.18515057861804962,-0.05513528361916542
2170,25.5,-0.6920213997364044,-0.02730581574141979,0.002837411314249039,0.0,0.27070721685886384,-0.20327715277671815,-0.18052805960178375,-0.05334640294313431
2180,28.75,-0.6942595839500427,-0.02186637744307518,0.005147686135023833,0.0,0.273371496796608,-0.19534362405538558,-0.1769503355026245,-0.058235496282577515
2190,21.875,-0.8242674767971039,-0.02806602492928505,0.005648434534668923,0.0,0.2710395395755768,-0.19324837028980255,-0.24565568566322327,-0.05464336648583412
2200,20.125,-0.9106348752975464,-0.025055378675460815,0.006095105037093163,0.0,0.27211866080760955,-0.2040027469396591,-0.23306965827941895,-0.05290783941745758
2210,24.1875,-0.30223309993743896,-0.02885657250881195,0.0045627118088305,0.0,0.2715038746595383,-0.20352429002523423,-0.16388840973377228,-0.05525887385010719
2220,15.5625,-1.2021278142929077,-0.027442383393645287,0.00500837629660964,0.0,0.2722590357065201,-0.21074585169553756,-0.24389778077602386,-0.0480099692940712
2230,19.5625,-1.0074350535869598,-0.027399350330233573,0.006113611627370119,0.0,0.2735585331916809,-0.19575577825307847,-0.24223372340202332,-0.044469188898801804
2240,24.875,-0.6042203307151794,-0.02318870685994625,0.004057117737829685,0.0,0.27386054694652556,-0.1898427926003933,-0.2002178430557251,-0.048011139035224915
2250,19.3125,-0.905139148235321,-0.023816049471497534,0.0032424920238554476,0.0,0.273828861117363,-0.2068703979253769,-0.22360573709011078,-0.05279979109764099
2260,17.75,-0.898982584476471,-0.02865937612950802,0.005675762984901666,0.0,0.2727855026721954,-0.189365853369236,-0.2165975272655487,-0.04508217051625252
2270,19.125,-0.693375825881958,-0.022889381274580956,0.006313723418861628,0.0,0.2734604924917221,-0.19045615196228027,-0.20746096968650818,-0.027487322688102722
2280,28.75,-0.4964371621608734,-0.02977793589234352,0.004704099614173174,0.0,0.2716632425785065,-0.18082766681909562,-0.17234179377555847,-0.053983330726623535
2290,27.0,-0.7868347465991974,-0.02401990070939064,0.007330134883522988,0.0,0.2748622834682465,-0.1995216950774193,-0.20539088547229767,-0.026697499677538872
2300,21.0,-0.8824459910392761,-0.026778699643909932,0.00804406264796853,0.0,0.27182736396789553,-0.20089317262172698,-0.1911342442035675,-0.04018411785364151
2310,17.375,-1.005200207233429,-0.024176209419965743,0.009353754483163357,0.0,0.271606382727623,-0.18889736011624336,-0.23587539792060852,-0.04583096504211426
2320,22.375,-0.8096807301044464,-0.02615324966609478,0.0037499909289181233,0.0,0.27362259328365324,-0.19487412720918657,-0.22750680148601532,-0.047892000526189804
2330,20.9375,-0.7881144285202026,-0.02108223307877779,0.005998047906905413,0.0,0.2739690750837326,-0.18419080078601838,-0.185278981924057,-0.048461660742759705
2340,22.4375,-0.6871052980422974,-0.029360503144562244,0.00593999708071351,0.0,0.27074440717697146,-0.18894094079732895,-0.1636030077934265,-0.05710577592253685
2350,19.5,-0.8001456558704376,-0.02130393832921982,0.008275101985782385,0.0,0.27626475393772126,-0.19467639178037643,-0.206168994307518,-0.05378970503807068
2360,20.625,-0.7976162135601044,-0.02367890253663063,0.00702223526313901,0.0,0.27423839271068573,-0.17335895001888274,-0.20034214854240417,-0.05233118683099747
2370,22.375,-0.7697308361530304,-0.02312201801687479,0.007352769747376442,0.0,0.27769911885261533,-0.17939160168170928,-0.14611487090587616,-0.04939058795571327
2380,24.125,-0.480991005897522,-0.02239767014980316,0.003899493394419551,0.0,0.2758251279592514,-0.1853494167327881,-0.14479556679725647,-0.050357066094875336
2390,20.4375,-0.7738068997859955,-0.02887905463576317,0.003148907935246825,0.0,0.27731551229953766,-0.19028709679841996,-0.15416491031646729,-0.05095489323139191
2400,16.0625,-0.9734388589859009,-0.029852346703410148,0.006940704211592675,0.0,0.2797806948423386,-0.1855071470141411,-0.1700366735458374,-0.05274945870041847
2410,24.5,-0.4830940067768097,-0.020858260430395605,0.004537731409072876,0.0,0.27890932857990264,-0.18501886278390883,-0.15307050943374634,-0.0449647530913353
2420,21.0625,-0.5987062752246857,-0.02505465652793646,0.0049663356505334376,0.0,0.27732997834682466,-0.18474824279546737,-0.18625423312187195,-0.05276449769735336
2430,20.6875,-0.893947035074234,-0.02303597778081894,0.009222256578505039,0.0,0.279349273443222,-0.18072641491889954,-0.19862735271453857,-0.05603647604584694
2440,25.25,-0.6817093789577484,-0.024456146731972696,0.006215665582567453,0.0,0.2798033505678177,-0.16987811177968978,-0.1591241955757141,-0.05220009386539459
2450,25.0625,-0.2759275287389755,-0.029086574912071228,0.004543659742921591,0.0,0.27876484394073486,-0.1641847811639309,-0.10790764540433884,-0.06064257025718689
2460,22.8125,-0.5978505313396454,-0.02827122788876295,0.009480491373687982,0.0,0.27962788939476013,-0.18580453991889953,-0.18966037034988403,-0.047081466764211655
2470,21.3125,-0.7840549945831299,-0.027689714357256888,0.008116969931870699,0.0,0.28037974536418914,-0.1937422960996628,-0.18144893646240234,-0.04443693533539772
2480,15.0,-1.0799492597579956,-0.02678161896765232,0.00510488310828805,0.0,0.28173927664756776,-0.18566562980413437,-0.18675872683525085,-0.05624033883213997
2490,27.8125,-0.5847031474113464,-0.02190670035779476,0.004076669225469232,0.0,0.28402985632419586,-0.16962392181158065,-0.15241119265556335,-0.057774148881435394
2500,23.4375,-0.5964319705963135,-0.02153775151818991,0.006310992129147053,0.0,0.2810179769992828,-0.1742750808596611,-0.1886540651321411,-0.04488259553909302
2510,20.875,-0.5719189643859863,-0.02213006094098091,0.005166246648877859,0.0,0.2775387316942215,-0.17149625420570375,-0.13886766135692596,-0.047962531447410583
2520,21.5,-0.8947461843490601,-0.030165297165513038,0.0053943019360303875,0.0,0.2823438435792923,-0.17070112079381944,-0.20529606938362122,-0.05026852712035179
2530,22.25,-0.766649067401886,-0.024961569160223008,0.008279762417078017,0.0,0.28004187643527984,-0.1867231696844101,-0.13665533065795898,-0.05399797856807709
2540,22.5,-0.9164969623088837,-0.028823520988225937,0.004674139525741338,0.0,0.28057865500450135,-0.1751544788479805,-0.23820170760154724,-0.0621861107647419
2550,29.3125,-0.5753452181816101,-0.018221242167055608,0.0093193044885993,0.0,0.2805306077003479,-0.17857977002859116,-0.13713189959526062,-0.056310251355171204
2560,25.6875,-0.5898679494857788,-0.025319880992174148,0.00839406605809927,0.0,0.2800796777009964,-0.17598979249596597,-0.17251457273960114,-0.04787988215684891
2570,26.5,-0.6776737868785858,-0.028945421054959296,0.005081939790397882,0.0,0.2810932993888855,-0.1675053730607033,-0.1509627252817154,-0.053308647125959396
2580,21.125,-0.7883704006671906,-0.02574042957276106,0.006208395771682263,0.0,0.27877911627292634,-0.16596539095044135,-0.18072903156280518,-0.0541718564927578
2590,16.3125,-1.2063408493995667,-0.020388914085924626,0.012522611953318118,0.0,0.2793011724948883,-0.18547400832176208,-0.24463975429534912,-0.059031203389167786
2600,19.8125,-0.5871375799179077,-0.027727064117789267,0.003982724528759718,0.0,0.2815170049667358,-0.1684259667992592,-0.16640038788318634,-0.0481475330889225
2610,19.4375,-0.8613381683826447,-0.033396636694669725,0.009774834476411342,0.0,0.2809428244829178,-0.17476246431469916,-0.13468948006629944,-0.055204056203365326
2620,26.625,-0.4733673334121704,-0.023642081394791604,0.012146702408790589,0.0,0.2860444813966751,-0.1687961623072624,-0.13275277614593506,-0.04575471580028534
2630,23.9375,-0.9892914295196533,-0.028636183962225913,0.0037276335060596466,0.0,0.28352979719638827,-0.17904414534568786,-0.21317115426063538,-0.04047155752778053
2640,26.25,-0.5878916680812836,-0.029201674088835717,0.004024502541869879,0.0,0.2844067543745041,-0.17481642886996268,-0.1675744354724884,-0.04669220373034477
2650,27.625,-0.8593850135803223,-0.0242677403613925,0.02539246864616871,0.0,0.28563646972179413,-0.17319474294781684,-0.2097460925579071,0.023715602234005928
2660,21.75,-0.7729682326316833,-0.02491839453577995,0.005541389808058739,0.0,0.28714051842689514,-0.16805464923381805,-0.15251141786575317,-0.05150642246007919
2670,33.8125,-0.6909249424934387,-0.02300257533788681,0.005366832204163075,0.0,0.2885899215936661,-0.16080751568078994,-0.1817929893732071,-0.05047041177749634
2680,19.375,-0.6598178446292877,-0.021477269008755684,0.026103198900818823,0.0,0.2882543236017227,-0.18173167407512664,-0.18387973308563232,0.013186955824494362
2690,19.1875,-1.1976494789123535,-0.02204429479315877,0.010134125314652919,0.0,0.28927710354328157,-0.1706128567457199,-0.21757745742797852,-0.06988759338855743
2700,17.6875,-0.8743501603603363,-0.026733431592583658,0.007800207380205393,0.0,0.28897295594215394,-0.16336145997047424,-0.17249508202075958,-0.0433768667280674
2710,21.625,-0.7620403170585632,-0.018901808932423592,0.01918620113283396,0.0,0.2864977389574051,-0.1689898796379566,-0.18785864114761353,0.0033824481070041656
2720,17.6875,-0.9798477292060852,-0.03281757645308971,0.01275933776050806,0.0,0.288208469748497,-0.1686061717569828,-0.18778179585933685,-0.048313308507204056
2730,23.25,-0.8750959038734436,-0.023485418036580087,0.0047004295513033865,0.0,0.2853942275047302,-0.1600876994431019,-0.1701018363237381,-0.0451819971203804
2740,14.875,-0.8904193043708801,-0.02765704393386841,0.007754901703447103,0.0,0.28658115267753603,-0.16488730385899544,-0.18627625703811646,-0.060250651091337204
2750,20.5625,-0.8778656721115112,-0.02774891834706068,0.006435716617852449,0.0,0.28585215508937833,-0.1573314644396305,-0.16913974285125732,-0.053677018731832504
2760,24.875,-0.48845647275447845,-0.03391367197036743,0.01054613133892417,0.0,0.28561810255050657,-0.17115271538496019,-0.1600949466228485,-0.05004153773188591
2770,25.125,-0.67180535197258,-0.029512742906808852,0.00521169500425458,0.0,0.2839179277420044,-0.18901696056127548,-0.1358090490102768,-0.05783534049987793
2780,27.125,-0.6049594581127167,-0.026704269647598266,0.005107609461992979,0.0,0.28720315992832185,-0.17268357574939727,-0.20290809869766235,-0.05024191737174988
2790,21.5,-0.5608662068843842,-0.028194495290517808,0.00833617001771927,0.0,0.2892796754837036,-0.16326277256011962,-0.11538785696029663,-0.04801911115646362
2800,20.75,-0.806952178478241,-0.027703122049570084,0.004095243290066719,0.0,0.2895070999860764,-0.17093702182173728,-0.2203066647052765,-0.05305888503789902
2810,24.8125,-0.5846828818321228,-0.036512729898095134,0.003914195811375976,0.0,0.2903139054775238,-0.1694675639271736,-0.16164317727088928,-0.04890311136841774
2820,19.3125,-0.843686044216156,-0.030053660459816455,0.005550614465028048,0.0,0.2892495334148407,-0.1683018259704113,-0.1095978170633316,-0.045122452080249786
2830,33.1875,-0.5955633521080017,-0.027804042398929595,0.005407346412539482,0.0,0.2936743587255478,-0.16545248106122018,-0.1779707372188568,-0.05390730872750282
2840,27.9375,-0.48504838347435,-0.027798547223210335,0.0070325215347111225,0.0,0.29151490330696106,-0.15762436613440514,-0.14872780442237854,-0.054269466549158096
2850,21.5,-0.985573947429657,-0.02399864010512829,0.005346456076949835,0.0,0.28720696568489074,-0.18308163732290267,-0.1994435042142868,-0.04691176116466522
2860,21.75,-0.7713168561458588,-0.027863474935293196,0.007209120877087116,0.0,0.2882018595933914,-0.18266382515430452,-0.1501137763261795,-0.0530923530459404
2870,19.75,-0.7727837264537811,-0.020088921673595904,0.007051169313490391,0.0,0.28974037766456606,-0.1648656390607357,-0.1492057740688324,-0.05490809679031372
2880,17.9375,-0.9829983711242676,-0.01693899119272828,0.016377065144479275,0.0,0.2890716284513474,-0.1764177843928337,-0.23745357990264893,-0.00439025741070509
2890,21.125,-0.9113917350769043,-0.03681177943944931,0.0148182213306427,0.0,0.29158500730991366,-0.1697177290916443,-0.2370343804359436,-0.05390913039445877
2900,25.3125,-0.7660265564918518,-0.028198470920324327,0.010104316845536232,0.0,0.29199822545051574,-0.1553695596754551,-0.13882333040237427,-0.05043239891529083
2910,23.0,-0.7925211787223816,-0.026619616895914078,0.007873791735619307,0.0,0.29285026490688326,-0.17236141115427017,-0.18814831972122192,-0.05493202060461044
2920,29.375,-0.5773747265338898,-0.02802765928208828,0.003128764219582081,0.0,0.29542839229106904,-0.16002554595470428,-0.14598491787910461,-0.05041498690843582
2930,32.75,-0.40577395260334015,-0.030470745451748372,0.004873700998723507,0.0,0.29400180876255033,-0.15634728595614433,-0.17897653579711914,-0.058416467159986496
2940,26.9375,-0.7055286765098572,-0.031217079795897006,0.014008269645273685,0.0,0.29681284725666046,-0.16079841777682305,-0.21533769369125366,-0.046374283730983734
2950,32.3125,-0.33190949261188507,-0.02737879641354084,0.02519996240735054,0.0,0.29546573758125305,-0.1466274715960026,-0.11363695561885834,0.02464340254664421
2960,27.9375,-0.5655576586723328,-0.024330120906233786,0.015130666829645634,0.0,0.29553712010383604,-0.1558272883296013,-0.11945474147796631,-0.052842192351818085
2970,24.5625,-0.5713111162185669,-0.02845153249800205,0.01309486459940672,0.0,0.2970415085554123,-0.15381315276026725,-0.13200747966766357,-0.05154874920845032
2980,24.9375,-0.5305342376232147,-0.0223442193120718,0.03476127162575722,0.0,0.2983048796653748,-0.16172561123967172,-0.11578688025474548,0.014456700533628464
2990,32.0625,-0.45597976446151733,-0.02505921311676502,0.019770881906151772,0.0,0.29967171847820284,-0.14696908593177796,-0.09157724678516388,-0.05453116446733475
3000,22.75,-0.7959602475166321,-0.030417007580399513,0.007078979443758726,0.0,0.2979091703891754,-0.15579677894711494,-0.19682171940803528,-0.05522352457046509
3010,23.375,-0.7869426012039185,-0.025673242658376692,0.0107919342815876,0.0,0.29908605217933654,-0.15008984431624411,-0.17343474924564362,-0.05772285908460617
3020,35.125,-0.2990560010075569,-0.02881782501935959,0.015810588747262953,0.0,0.3005637973546982,-0.15365838408470153,-0.16021232306957245,-0.054637886583805084
3030,30.3125,-0.4762658327817917,-0.025722060725092886,0.006586456391960383,0.0,0.3057130932807922,-0.14765629023313523,-0.12181182205677032,-0.06429100036621094
3040,26.6875,-0.776914119720459,-0.027821625396609307,0.015905058942735195,0.0,0.30251007676124575,-0.16219901144504548,-0.16754800081253052,-0.045382529497146606
3050,30.5,-0.21990037709474564,-0.025253382325172425,0.029537955299019814,0.0,0.29943671226501467,-0.1600249782204628,-0.0715409442782402,0.014308048412203789
3060,17.8125,-0.9630346596240997,-0.028648873046040534,0.011784747615456581,0.0,0.30074829161167144,-0.1402139887213707,-0.141402930021286,-0.061533063650131226
3070,33.8125,-0.3896021395921707,-0.024311164300888775,0.011324790120124818,0.0,0.30182248950004575,-0.14109776690602302,-0.15944001078605652,-0.045096009969711304
3080,24.3125,-0.8571730852127075,-0.026804913952946662,0.011944388411939144,0.0,0.30186561346054075,-0.1487574629485607,-0.12969249486923218,-0.05211281031370163
3090,33.4375,-0.2703995406627655,-0.030342427641153337,0.007487605791538954,0.0,0.3072712033987045,-0.1419275961816311,-0.10864949971437454,-0.04911663383245468
3100,22.9375,-0.9602575898170471,-0.02625169362872839,0.01402989700436592,0.0,0.30410491228103637,-0.14241170212626458,-0.1731349229812622,-0.024429820477962494
3110,21.4375,-0.6626951396465302,-0.02727215886116028,0.00863581094890833,0.0,0.3084243834018707,-0.14878928735852243,-0.12611490488052368,-0.049405287951231
3120,25.0625,-0.8834817707538605,-0.030616569519042968,0.007480280473828316,0.0,0.3089824080467224,-0.15700524300336838,-0.18257205188274384,-0.050953928381204605
3130,35.0625,-0.3891483247280121,-0.02738764137029648,0.005512556899338961,0.0,0.3094765156507492,-0.13940587416291236,-0.1593358963727951,-0.044420503079891205
3140,32.0,-0.5731869339942932,-0.02947205528616905,0.010332374647259713,0.0,0.30653021931648256,-0.13830723613500595,-0.13627362251281738,-0.05273167043924332
3150,22.8125,-0.64690962433815,-0.03355866875499487,0.015021747536957264,0.0,0.30764530301094056,-0.1274974562227726,-0.09633757174015045,-0.04778878390789032
3160,20.375,-0.9772482514381409,-0.03180291522294283,0.008007145673036575,0.0,0.3034898430109024,-0.14834752306342125,-0.177102193236351,-0.0527644082903862
3170,36.25,-0.3907313048839569,-0.02489284835755825,0.00672126179561019,0.0,0.30417164266109464,-0.13070580512285232,-0.1473710983991623,-0.06005459278821945
3180,19.5625,-0.7839394211769104,-0.034167885407805444,0.00899953618645668,0.0,0.3038561314344406,-0.16914004385471343,-0.17122042179107666,-0.05578800290822983
3190,22.4375,-0.7629982829093933,-0.0318174323067069,0.01142132729291916,0.0,0.30694093108177184,-0.15675615817308425,-0.1426769495010376,-0.04333242028951645
3200,30.5625,-0.2655237317085266,-0.02860024943947792,0.00980720017105341,0.0,0.3090138614177704,-0.14278277158737182,-0.0888257697224617,-0.05922303348779678
3210,17.75,-0.9185270667076111,-0.03140474259853363,0.006999181769788265,0.0,0.30907525718212125,-0.15947773084044456,-0.25122708082199097,-0.05548590421676636
3220,23.5,-0.6952182054519653,-0.02620330937206745,0.00862303376197815,0.0,0.3082947552204132,-0.1376462336629629,-0.18774336576461792,-0.054587386548519135
3230,24.25,-0.4644211232662201,-0.03203859105706215,0.010142203606665134,0.0,0.30658685266971586,-0.15649129524827005,-0.11375363171100616,-0.04920700937509537
3240,23.3125,-0.7887262403964996,-0.02754397951066494,0.008623855747282505,0.0,0.30570282936096194,-0.16386757642030716,-0.18513450026512146,-0.051840879023075104
3250,18.25,-0.8703789412975311,-0.026681091636419296,0.00861553754657507,0.0,0.309402135014534,-0.1565158784389496,-0.1587696075439453,-0.05045869201421738
3260,22.5,-0.6920733451843262,-0.028513501957058908,0.016263871639966964,0.0,0.3141428202390671,-0.14572878777980805,-0.17640061676502228,-0.058559343218803406
3270,26.6875,-0.5910979211330414,-0.028445653989911078,0.006507121212780476,0.0,0.31224638521671294,-0.15128026604652406,-0.17272545397281647,-0.052222177386283875
3280,25.4375,-0.5836523175239563,-0.029256833158433436,0.008802926167845726,0.0,0.3120538294315338,-0.1463004693388939,-0.16034895181655884,-0.04976992309093475
3290,31.75,-0.5577647984027863,-0.028548861294984816,0.009557472169399261,0.0,0.31351032555103303,-0.13172915168106555,-0.10483838617801666,-0.05353319272398949
3300,31.9375,-0.06987467780709267,-0.028205515816807747,0.00572410449385643,0.0,0.3136748492717743,-0.14707961976528167,-0.09023848176002502,-0.04951087385416031
3310,32.4375,-0.563175767660141,-0.021699514240026474,0.010399817302823067,0.0,0.31629388928413393,-0.13919242545962335,-0.11483707278966904,-0.053408704698085785
3320,22.875,-0.5501030385494232,-0.029714299738407134,0.00635571451857686,0.0,0.31503078043460847,-0.1533122919499874,-0.09633025527000427,-0.046155527234077454
3330,24.625,-0.5546249449253082,-0.029390235245227814,0.006921154819428921,0.0,0.3181839883327484,-0.14308581575751306,-0.10859152674674988,-0.043047916144132614
3340,24.625,-0.5460757315158844,-0.028965089470148087,0.0251644778996706,0.0,0.32002792656421664,-0.1229084137827158,-0.08988934010267258,-0.04525997117161751
3350,17.3125,-0.9900520741939545,-0.031128782965242862,0.01184471808373928,0.0,0.3223443299531937,-0.1488839343190193,-0.20107325911521912,-0.05478500574827194
3360,19.1875,-0.9711742401123047,-0.029075035825371742,0.01808413378894329,0.0,0.3229760676622391,-0.14743876159191133,-0.16213595867156982,-0.056252796202898026
3370,26.6875,-0.6611792743206024,-0.027273810654878616,0.013465004973113537,0.0,0.32246519923210143,-0.14571574851870536,-0.12688621878623962,-0.047353096306324005
3380,26.5625,-0.5953570902347565,-0.028753235936164856,0.007472058199346066,0.0,0.3248248904943466,-0.15122772008180618,-0.1707364320755005,-0.06256281584501266
3390,29.5625,-0.4635239243507385,-0.02813243754208088,0.020930600911378862,0.0,0.3239983141422272,-0.13099990114569665,-0.11059578508138657,-0.050445616245269775
3400,29.4375,-0.5931431651115417,-0.03077028542757034,0.0039974274579435585,0.0,0.3235401749610901,-0.15030929148197175,-0.18031582236289978,-0.048345912247896194
3410,24.0625,-0.5553776323795319,-0.031981923058629035,0.011489465832710266,0.0,0.32073305547237396,-0.1453651286661625,-0.0999261885881424,-0.0542803555727005
3420,29.4375,-0.6031016707420349,-0.02232146728783846,0.00687877805903554,0.0,0.32154422998428345,-0.14773298650979996,-0.19088232517242432,-0.05829685181379318
3430,26.125,-0.6759324371814728,-0.025830956175923347,0.018375357240438463,0.0,0.31622388064861295,-0.15044394731521607,-0.1511845588684082,-0.05216969922184944
3440,24.3125,-0.6714912056922913,-0.026822226867079735,0.008723236247897148,0.0,0.3204611212015152,-0.15038333162665368,-0.14098159968852997,-0.05288346856832504
3450,38.125,-0.439675509929657,-0.025232220627367498,0.024777132272720336,0.0,0.3254820704460144,-0.13576426431536676,-0.13502004742622375,0.021117277443408966
3460,34.6875,-0.2499139904975891,-0.02428792156279087,0.009408905543386937,0.0,0.32951341569423676,-0.13201638162136078,-0.06308884173631668,-0.05391731113195419
3470,26.75,-0.4334697872400284,-0.03194677904248237,0.02798163704574108,0.0,0.32771528959274293,-0.14948940873146058,-0.09184916317462921,-0.008986310102045536
3480,31.125,-0.5708578824996948,-0.029265835508704187,0.011829917877912521,0.0,0.32710168957710267,-0.13334140554070473,-0.13392427563667297,-0.0503900870680809
3490,27.75,-0.8892520666122437,-0.02828853726387024,0.006826305948197842,0.0,0.3308109134435654,-0.13174876645207406,-0.2008424550294876,-0.04605812579393387
3500,21.5625,-0.767462432384491,-0.024666984379291535,0.008710208348929882,0.0,0.33110983967781066,-0.15157129615545273,-0.14868223667144775,-0.045451607555150986
3510,20.1875,-0.9970586597919464,-0.032350323349237445,0.00812089778482914,0.0,0.33348524272441865,-0.142037296295166,-0.21426019072532654,-0.056649256497621536
3520,30.0,-0.17027802765369415,-0.02719374131411314,0.019425386935472487,0.0,0.3348395824432373,-0.13695796728134155,-0.09128421545028687,-0.057987749576568604
3530,27.25,-0.8503912389278412,-0.027816568315029145,0.012890032306313515,0.0,0.3379827857017517,-0.13058395832777023,-0.11659861356019974,-0.050972212105989456
3540,24.625,-0.8950497210025787,-0.032281693816184995,0.006767327152192593,0.0,0.33687354624271393,-0.14172967672348022,-0.2050287425518036,-0.05222712829709053
3550,23.375,-0.6777618527412415,-0.02579655759036541,0.010858041234314442,0.0,0.3363663375377655,-0.14481333643198013,-0.1635352373123169,-0.04290827363729477
3560,29.4375,-0.5807048678398132,-0.03564318176358938,0.010311814211308955,0.0,0.3386131405830383,-0.12760434448719024,-0.1577725112438202,-0.04577624797821045
3570,19.875,-0.7448973655700684,-0.03346471227705479,0.009730946645140648,0.0,0.3391278237104416,-0.1412649020552635,-0.09433706104755402,-0.054344139993190765
3580,32.3125,-0.3672742545604706,-0.02655127104371786,0.006120260618627071,0.0,0.3420457482337952,-0.14092864617705345,-0.1128385066986084,-0.047663651406764984
3590,24.125,-0.5632235407829285,-0.031073292903602123,0.015188461542129517,0.0,0.34004914462566377,-0.13734902516007425,-0.11761162430047989,-0.05106838792562485
3600,26.125,-0.7085621058940887,-0.032486312463879584,0.009299631137400866,0.0,0.34177203476428986,-0.1360427003353834,-0.2205464243888855,-0.048388056457042694
3610,25.5,-0.6705417037010193,-0.02862618863582611,0.005680935177952051,0.0,0.34010823965072634,-0.11608555465936661,-0.14050377905368805,-0.052105121314525604
3620,31.5,-0.3651343882083893,-0.023573369532823563,0.010062693618237972,0.0,0.34324518144130706,-0.11815249398350716,-0.09558317810297012,-0.060620810836553574
3630,30.0625,-0.8571754992008209,-0.026896854490041734,0.006920683570206166,0.0,0.34254543781280516,-0.13270385786890984,-0.11694096028804779,-0.06580159813165665
3640,27.875,-0.270912304520607,-0.02854245686903596,0.005850248690694571,0.0,0.3439813643693924,-0.12882355451583863,-0.10192392021417618,-0.0569046288728714
3650,33.8125,-0.39270567893981934,-0.030485421791672705,0.01337099727243185,0.0,0.343278631567955,-0.13966164737939835,-0.15585538744926453,-0.05437716096639633
3660,22.0625,-0.6581996083259583,-0.027193177491426468,0.010203050449490547,0.0,0.34380802512168884,-0.1397717610001564,-0.1149459257721901,-0.05195877328515053
3670,33.375,-0.44766949117183685,-0.030092332884669303,0.0205954622477293,0.0,0.34433513283729555,-0.1210500255227089,-0.08330058306455612,-0.04643452540040016
3680,22.75,-0.6990795135498047,-0.029679206758737565,0.0067725940607488155,0.0,0.3460811495780945,-0.13737244978547097,-0.19775176048278809,-0.051706984639167786
3690,32.4375,-0.34413185715675354,-0.029549083113670348,0.00984863080084324,0.0,0.3446041315793991,-0.12208993807435035,-0.0644000843167305,-0.048276495188474655
3700,25.75,-0.2461058646440506,-0.025959918834269048,0.014690520986914635,0.0,0.34545080065727235,-0.13963959626853467,-0.051062047481536865,-0.05642104148864746
3710,29.8125,-0.4159441143274307,-0.031283344514667986,0.007961533777415753,0.0,0.3424629122018814,-0.15381895378232002,-0.19943475723266602,-0.0574117973446846
3720,34.875,-0.56364905834198,-0.024373554065823554,0.010551964119076728,0.0,0.34483750760555265,-0.13965752720832825,-0.11290696263313293,-0.05696858465671539
3730,30.6875,-0.48280996084213257,-0.0321976725012064,0.0062029693275690075,0.0,0.3446428954601288,-0.13665293976664544,-0.14452418684959412,-0.05498630553483963
3740,22.6875,-0.7542667984962463,-0.025552365370094775,0.03295159935951233,0.0,0.3460919618606567,-0.14485142529010772,-0.17706835269927979,0.008888411335647106
3750,24.1875,-0.5556494891643524,-0.036941780149936675,0.017400690540671348,0.0,0.34707106947898864,-0.13101123310625554,-0.12477023899555206,-0.02901066280901432
3760,25.5,-0.6833634674549103,-0.030594451911747457,0.006778543908149004,0.0,0.34697534441947936,-0.16468845903873444,-0.17320571839809418,-0.04404468834400177
3770,20.9375,-0.6874128878116608,-0.029533932730555535,0.011721813306212425,0.0,0.3505024045705795,-0.15546853765845298,-0.16530482470989227,-0.06026802211999893
3780,21.6875,-0.7641133368015289,-0.031199124827980994,0.008418047800660133,0.0,0.3536972373723984,-0.144676423817873,-0.13748615980148315,-0.05043724179267883
3790,26.75,-0.5715364217758179,-0.03205045610666275,0.00901503749191761,0.0,0.3541480988264084,-0.12899146005511283,-0.13966497778892517,-0.045536771416664124
3800,29.4375,-0.8788278698921204,-0.02713894620537758,0.03090886361896992,0.0,0.35681119561195374,-0.13283451721072198,-0.17016620934009552,-0.05540022253990173
3810,25.3125,-0.4439701586961746,-0.023371218144893645,0.00777033381164074,0.0,0.3560702681541443,-0.12917114794254303,-0.09844508767127991,-0.02393776923418045
3820,27.6875,-0.7210917174816132,-0.027697215601801873,0.006111972779035568,0.0,0.35868010818958285,-0.14929571449756623,-0.2500511109828949,-0.04312364012002945
3830,22.625,-0.856082409620285,-0.03072850201278925,0.01146672759205103,0.0,0.36224904358386995,-0.13503552861511708,-0.1758364737033844,-0.0050909314304590225
3840,37.125,-0.1645083948969841,-0.026326821744441987,0.0063779984600842,0.0,0.36290597915649414,-0.1343706525862217,-0.07726076990365982,-0.06029368191957474
3850,30.1875,-0.14977925270795822,-0.028475396521389484,0.018782857805490494,0.0,0.36525839269161225,-0.12883375212550163,-0.07094211876392365,-0.03719094395637512
3860,27.375,-0.46567943692207336,-0.02412544209510088,0.010222819820046424,0.0,0.362590080499649,-0.14062396958470344,-0.10130771994590759,-0.06331323832273483
3870,34.25,-0.36468014121055603,-0.028750167787075044,0.006445670034736395,0.0,0.3611153453588486,-0.1464962348341942,-0.10815122723579407,-0.046368617564439774
3880,27.8125,-0.3922473192214966,-0.02954475749284029,0.01082473285496235,0.0,0.35843260288238527,-0.1725829876959324,-0.15602216124534607,-0.05420566350221634
3890,32.125,-0.4693426191806793,-0.029030210711061953,0.014366394095122813,0.0,0.3622996062040329,-0.13443454094231128,-0.12098274379968643,-0.051917579025030136
3900,26.0625,-0.7761795520782471,-0.032103185169398786,0.010138197615742684,0.0,0.3644096374511719,-0.1375006206333637,-0.15907500684261322,-0.05386178940534592
3910,31.5625,-0.39378522336483,-0.030154695734381676,0.00909347292035818,0.0,0.3647905796766281,-0.16112977117300034,-0.15791387856006622,-0.0553755946457386
3920,26.5,-0.47195790708065033,-0.03484014179557562,0.01450994461774826,0.0,0.36298020780086515,-0.15367574468255044,-0.16491182148456573,-0.012967443093657494
3930,19.75,-0.6553771197795868,-0.02722966205328703,0.017516399174928664,0.0,0.3656199276447296,-0.15202563107013703,-0.10767173767089844,-0.05462316423654556
3940,43.375,-0.27775637805461884,-0.03253094404935837,0.024360890313982964,0.0,0.3697165548801422,-0.13213007971644403,-0.12098483741283417,-0.05130878463387489
3950,30.125,-0.6019505858421326,-0.027393628656864167,0.015249156579375266,0.0,0.36698816120624544,-0.1509475439786911,-0.1963278353214264,-0.04932868853211403
3960,28.75,-0.6807634830474854,-0.0347201569005847,0.008786333724856377,0.0,0.36774316132068635,-0.14915104508399962,-0.1593288779258728,-0.05351132154464722
3970,20.5,-0.8726169764995575,-0.030323909223079683,0.011297545582056045,0.0,0.3680903524160385,-0.14761752411723136,-0.15983469784259796,-0.05457378178834915
3980,22.375,-0.571196973323822,-0.02718755565583706,0.015900084376335145,0.0,0.3691818565130234,-0.14379958286881447,-0.13461023569107056,-0.05070783197879791
3990,28.625,-0.4993608444929123,-0.031083624809980392,0.006411958858370781,0.0,0.36996920108795167,-0.1468694031238556,-0.1824660748243332,-0.05093042179942131
4000,24.875,-0.8024979829788208,-0.03153905253857374,0.007228720374405384,0.0,0.36693450808525085,-0.16034523993730546,-0.2143610119819641,-0.04521385207772255
4010,22.0,-0.7896788418292999,-0.03227486405521631,0.005284537840634584,0.0,0.36884581446647646,-0.14390156492590905,-0.19115877151489258,-0.04735454171895981
4020,29.0625,-0.36394838988780975,-0.027057337015867232,0.014389484561979771,0.0,0.3713177710771561,-0.13983810022473336,-0.10327942669391632,-0.04963977262377739
4030,17.9375,-1.085139513015747,-0.03042316660284996,0.012778915464878082,0.0,0.3725553244352341,-0.15598094761371611,-0.20750075578689575,-0.04575212299823761
4040,22.9375,-0.8357664942741394,-0.02586454227566719,0.019613739103078842,0.0,0.37342574894428254,-0.11628985702991486,-0.13342922925949097,-0.006296323612332344
4050,27.5,-0.6808568835258484,-0.033258778229355815,0.01863089669495821,0.0,0.3728789150714874,-0.138185553252697,-0.15739792585372925,-0.055226609110832214
4060,28.3125,-0.4820827543735504,-0.031486067548394205,0.008488025516271591,0.0,0.3722616612911224,-0.12292557284235954,-0.1430121213197708,-0.05442386120557785
4070,28.75,-0.6609086096286774,-0.024962105974555015,0.008795750606805087,0.0,0.3744983345270157,-0.1324538953602314,-0.12744003534317017,-0.04211343079805374
4080,25.0,-0.5466910004615784,-0.02675807513296604,0.00939578153192997,0.0,0.37338321208953856,-0.11996637582778931,-0.07222670316696167,-0.06399352848529816
4090,26.9375,-0.4799867570400238,-0.03222220093011856,0.012699940428137779,0.0,0.3734468400478363,-0.1403469830751419,-0.1384139060974121,-0.05571594089269638
4100,28.875,-0.3401467353105545,-0.030675986036658286,0.009307316318154336,0.0,0.3730015307664871,-0.13207556568086148,-0.058011431246995926,-0.0479668490588665
4110,30.6875,-0.48515594005584717,-0.03353521004319191,0.010465884394943715,0.0,0.3757126688957214,-0.13724949955940247,-0.15682101249694824,-0.04822085425257683
4120,26.75,-0.5599917471408844,-0.02573811560869217,0.012585673481225967,0.0,0.3806989997625351,-0.13938620686531067,-0.10710848867893219,-0.0562589056789875
4130,37.8125,-0.38693392276763916,-0.029629202932119368,0.007718715537339449,0.0,0.3771952301263809,-0.11963463723659515,-0.15089552104473114,-0.04810710996389389
4140,27.9375,-0.5582911670207977,-0.030816686525940894,0.013002622872591019,0.0,0.3791782021522522,-0.1140200063586235,-0.10171567648649216,-0.05580498278141022
4150,30.9375,-0.5645180940628052,-0.027518762834370138,0.00811867555603385,0.0,0.3800885081291199,-0.12096254378557206,-0.12418117374181747,-0.048043929040431976
4160,21.3125,-0.6617973446846008,-0.032886204309761524,0.013455275632441043,0.0,0.38124133050441744,-0.1357753872871399,-0.11914767324924469,-0.054908499121665955
4170,22.9375,-0.7790921628475189,-0.02675723135471344,0.011071448959410191,0.0,0.38611083328723905,-0.1369713418185711,-0.1704634428024292,-0.04572782665491104
4180,26.625,-0.6506026983261108,-0.036692806892096995,0.010226633958518505,0.0,0.3859287738800049,-0.13404381796717643,-0.09709722548723221,-0.056596994400024414
4190,31.75,-0.2523276135325432,-0.027171546313911676,0.00708189383149147,0.0,0.38929290771484376,-0.1229088343679905,-0.07216290384531021,-0.047605179250240326
4200,36.0,-0.38920654356479645,-0.026472791470587252,0.006525686196982861,0.0,0.3868143349885941,-0.12967737913131713,-0.15731315314769745,-0.04630332440137863
4210,36.125,-0.26715055108070374,-0.025580984354019166,0.007617177534848451,0.0,0.38957124948501587,-0.11145904064178466,-0.10187610238790512,-0.04827709123492241
4220,23.5625,-0.6648673415184021,-0.030807793512940405,0.014964853413403034,0.0,0.39045974612236023,-0.13754960037767888,-0.12299522757530212,-0.05887151136994362
4230,27.8125,-0.5484377443790436,-0.028098197653889656,0.017709387838840483,0.0,0.3902575671672821,-0.12194329649209976,-0.09215418994426727,-0.04809034243226051
4240,35.1875,-0.3601220101118088,-0.029375890642404555,0.01106025129556656,0.0,0.3903364181518555,-0.13679480478167533,-0.09898834675550461,-0.04648582637310028
4250,22.375,-0.7969960570335388,-0.0330143392086029,0.009947823733091355,0.0,0.3931935131549835,-0.1369610123336315,-0.2022305727005005,-0.04684361070394516
4260,25.875,-0.6749637126922607,-0.02722989022731781,0.010207347013056279,0.0,0.3952794402837753,-0.14884008690714837,-0.14521586894989014,-0.05633927136659622
4270,16.5,-1.0553341507911682,-0.030107239820063116,0.012218382209539413,0.0,0.39262198507785795,-0.13464171513915063,-0.16176846623420715,-0.033986981958150864
4280,31.75,-0.6673939824104309,-0.029163815081119537,0.010479754023253917,0.0,0.39321657419204714,-0.13391110450029373,-0.1364458203315735,-0.0496831052005291
4290,28.0625,-0.5711739361286163,-0.026856969110667706,0.009418617375195027,0.0,0.3944399535655975,-0.13618865609169006,-0.14111778140068054,-0.04280725121498108
4300,20.0625,-0.7443561851978302,-0.026111161708831786,0.017130352929234503,0.0,0.3976000875234604,-0.15456025451421737,-0.10106414556503296,-0.04724397137761116
4310,29.6875,-0.2611774802207947,-0.029215611517429352,0.007200549729168415,0.0,0.3968402028083801,-0.12105023041367531,-0.09014725685119629,-0.04931516945362091
4320,23.1875,-0.5694491565227509,-0.03180606216192246,0.010067174583673478,0.0,0.398541533946991,-0.12568635120987892,-0.12294638156890869,-0.05921652913093567
4330,33.4375,-0.46171875298023224,-0.030884822458028795,0.008348775003105402,0.0,0.3987030327320099,-0.11188621148467064,-0.09652645140886307,-0.06047753617167473
4340,27.375,-0.45737670361995697,-0.027811489626765253,0.013523770682513713,0.0,0.39670602083206175,-0.12816822156310081,-0.09099464118480682,-0.057848602533340454
4350,33.6875,-0.5659001469612122,-0.03331897016614675,0.008615717198699713,0.0,0.4002921372652054,-0.11413332894444465,-0.12490937113761902,-0.04899469390511513
4360,18.75,-0.7675508260726929,-0.03298122398555279,0.012938572280108928,0.0,0.4024882137775421,-0.15255460664629936,-0.14097081124782562,-0.05371633172035217
4370,24.0625,-0.7655740678310394,-0.026325332187116145,0.006572867091745138,0.0,0.40105426907539365,-0.14351011216640472,-0.14026297628879547,-0.051271386444568634
4380,22.9375,-0.7551195025444031,-0.0329869844019413,0.03161185085773468,0.0,0.400435146689415,-0.11912653669714927,-0.1151544451713562,-0.055142465978860855
4390,27.25,-0.4436891973018646,-0.030498561263084412,0.00633662473410368,0.0,0.40061435401439666,-0.13100891038775445,-0.06751669198274612,-0.053758203983306885
4400,25.0,-0.6578973233699799,-0.033435254171490666,0.006116318423300982,0.0,0.4013566136360168,-0.1300003707408905,-0.12208892405033112,-0.04409996420145035
4410,23.0625,-0.5680754780769348,-0.03228375762701034,0.014889547228813171,0.0,0.40671599209308623,-0.11621493324637414,-0.12279971688985825,-0.05573226511478424
4420,22.6875,-0.7495875358581543,-0.030431045219302177,0.005386388767510653,0.0,0.4073517173528671,-0.11395222060382366,-0.10859154909849167,-0.05043534189462662
4430,26.3125,-0.5463190078735352,-0.03009034339338541,0.012212331034243106,0.0,0.4101708769798279,-0.1045962255448103,-0.08285955339670181,-0.05287750065326691
4440,22.0625,-0.5480729639530182,-0.027959595993161203,0.008654691278934479,0.0,0.41314450800418856,-0.10136085655540228,-0.08320830017328262,-0.055526092648506165
4450,34.375,-0.544837087392807,-0.027783368527889252,0.003437364054843783,0.0,0.4126012235879898,-0.11001438684761525,-0.08261274546384811,-0.04931579530239105
4460,22.25,-0.5530659258365631,-0.02779897376894951,0.008300119172781706,0.0,0.41005692183971404,-0.12010273411870002,-0.10000154376029968,-0.048414070159196854
4470,29.5625,-0.14771976321935654,-0.03428746834397316,0.01654756274074316,0.0,0.4151520371437073,-0.10385145768523216,-0.06296583265066147,-0.04050733521580696
4480,31.6875,-0.5693565607070923,-0.026636412739753722,0.009138478524982929,0.0,0.4158317595720291,-0.10929461196064949,-0.12899859249591827,-0.0531579926609993
4490,25.75,-0.6580112278461456,-0.03039640337228775,0.007415567431598902,0.0,0.41897344291210176,-0.11401071771979332,-0.107829250395298,-0.05844920873641968
4500,23.9375,-0.6185052394866943,-0.023372883349657057,0.01952956207096577,0.0,0.42086792588233946,-0.10269196908921004,-0.10856512188911438,0.019148945808410645
4510,30.1875,-0.5529608428478241,-0.03660999834537506,0.0041698945686221124,0.0,0.41963447332382203,-0.09783892035484314,-0.10042032599449158,-0.048241302371025085
4520,32.9375,-0.32259976863861084,-0.030961032211780547,0.030214056745171546,0.0,0.42079160511493685,-0.10307813212275505,-0.03247024118900299,-0.03835376352071762
4530,29.6875,-0.33951038122177124,-0.02349905576556921,0.005427946243435145,0.0,0.4189767599105835,-0.10764800198376179,-0.05691603571176529,-0.04785701632499695
4540,26.4375,-0.6798229515552521,-0.03109012059867382,0.006396537832915783,0.0,0.4211688697338104,-0.1086706943809986,-0.1600307673215866,-0.05035614222288132
4550,29.0625,-0.5221719741821289,-0.020604387670755387,0.0165119256824255,0.0,0.42581565082073214,-0.0728844352066517,-0.08709985017776489,0.0002746386453509331
4560,26.8125,-0.7654191851615906,-0.029398157447576522,0.008234446682035924,0.0,0.42467937171459197,-0.10144383013248444,-0.14767658710479736,-0.04336521029472351
4570,29.3125,-0.7435518503189087,-0.03446398973464966,0.01036011017858982,0.0,0.42565967738628385,-0.10206751711666584,-0.09704981744289398,-0.04870473966002464
4580,32.375,-0.45071226358413696,-0.029389673471450807,0.017849859409034254,0.0,0.424198779463768,-0.0762086983770132,-0.08599460124969482,-0.04944070056080818
4590,31.6875,-0.5510643422603607,-0.03972143549472094,0.00801692483946681,0.0,0.42524406015872956,-0.08392928424291313,-0.09508885443210602,-0.04953175410628319
4600,22.0625,-0.6484764218330383,-0.03099515587091446,0.010999508015811444,0.0,0.4256312847137451,-0.10170753635466098,-0.09803594648838043,-0.04901590198278427
4610,29.25,-0.349024161696434,-0.030107283033430576,0.004467359930276871,0.0,0.4284923642873764,-0.09630393274128438,-0.061635881662368774,-0.062293920665979385
4620,27.3125,-0.8622654676437378,-0.034337062016129495,0.011618885025382043,0.0,0.42737138271331787,-0.08272634528111666,-0.14589454233646393,-0.04795557260513306
4630,32.25,-0.5594976544380188,-0.032193845696747304,0.018361445888876914,0.0,0.4287986695766449,-0.07963737696409226,-0.11682547628879547,-0.04486338794231415
4640,38.375,-0.3143507093191147,-0.02588310241699219,0.005938505101948976,0.0,0.4285821348428726,-0.04785774033516645,-0.005459112115204334,-0.0492558516561985
4650,33.8125,-0.5190654098987579,-0.031166322901844977,0.008398173935711383,0.0,0.42516295313835145,-0.0662419006228447,-0.02559170499444008,-0.055110372602939606
4660,25.625,-0.5230063498020172,-0.02554212175309658,0.016089796647429468,0.0,0.42771264016628263,-0.10047007724642754,-0.09073996543884277,0.0020655374974012375
4670,22.0,-0.7328378558158875,-0.03001732174307108,0.010142429172992707,0.0,0.4282111614942551,-0.0898943580687046,-0.08499673008918762,-0.03995524346828461
4680,29.875,-0.5460724234580994,-0.0254423376172781,0.005550297722220421,0.0,0.43245836794376374,-0.06989539861679077,-0.08589949458837509,-0.049680426716804504
4690,26.125,-0.7577702105045319,-0.033747900277376175,0.014848749153316021,0.0,0.43277997970581056,-0.06886944808065891,-0.12362612783908844,-0.05073358118534088
4700,29.4375,-0.4164828360080719,-0.02780732177197933,0.011186918802559375,0.0,0.43384614288806916,-0.08883062545210123,-0.021960806101560593,-0.045143987983465195
4710,30.3125,-0.3149978220462799,-0.031306064873933795,0.010734650678932667,0.0,0.4313198357820511,-0.0819893644656986,0.0007992398459464312,-0.05599683150649071
4720,30.0,-0.5447378754615784,-0.0361914224922657,0.016609087027609347,0.0,0.4309390068054199,-0.07869329759851099,-0.07078619301319122,-0.05894636735320091
4730,28.875,-0.8499130010604858,-0.032891868613660336,0.0123672753572464,0.0,0.4310995668172836,-0.07111890325322748,-0.11544018983840942,-0.05264653265476227
4740,37.0,-0.5429105460643768,-0.029815210960805416,0.016923046298325063,0.0,0.43080466985702515,-0.053960992582142354,-0.08440563082695007,-0.04263544827699661
4750,31.0625,-0.5180029273033142,-0.03345135990530253,0.013531453721225262,0.0,0.43242828249931337,-0.06908556409180164,-0.03176504001021385,-0.04762527346611023
4760,23.75,-0.661461353302002,-0.028912115003913642,0.008401704393327237,0.0,0.4322470843791962,-0.0866525461897254,-0.12846192717552185,-0.044411517679691315
4770,26.125,-0.650337815284729,-0.030707070045173167,0.004554475471377373,0.0,0.4338384211063385,-0.06903902068734169,-0.10476617515087128,-0.04325752705335617
4780,27.375,-0.6612768769264221,-0.027077353186905385,0.02524520494043827,0.0,0.4382647335529327,-0.0742096183821559,-0.11912816017866135,-0.055099185556173325
4790,38.25,-0.44618628919124603,-0.027931183390319348,0.006037273909896612,0.0,0.434863942861557,-0.07432182608172297,-0.07315007597208023,-0.05318450182676315
4800,33.4375,-0.5221796035766602,-0.033108572475612164,0.009220058470964432,0.0,0.43612406849861146,-0.08366460930556059,-0.03563462570309639,-0.05104146525263786
4810,34.5625,-0.24841894209384918,-0.03216465730220079,0.016701947338879107,0.0,0.4373136669397354,-0.08437230791896581,-0.06589552760124207,-0.047624487429857254
4820,30.6875,-0.5349024534225464,-0.03483328483998775,0.02500261105597019,0.0,0.4369090020656586,-0.08560943752527236,-0.05664033442735672,-0.05516599118709564
4830,35.0,-0.3238151967525482,-0.03502967171370983,0.008596892282366753,0.0,0.43934894502162936,-0.0748040072619915,-0.021047964692115784,-0.05256687477231026
4840,38.0625,-0.33816902339458466,-0.03476826399564743,0.010213379003107547,0.0,0.441255784034729,-0.04748264239169657,-0.04481262341141701,-0.057319268584251404
4850,22.8125,-0.6252623200416565,-0.02886716090142727,0.012136218138039112,0.0,0.436958846449852,-0.09472217001020908,-0.04771532118320465,-0.05249869078397751
4860,18.5625,-0.732322484254837,-0.029790738970041274,0.010690554045140743,0.0,0.43783346116542815,-0.08928629979491234,-0.09522604942321777,-0.025563349947333336
4870,22.75,-0.6576471030712128,-0.02183782123029232,0.022111852839589118,0.0,0.44026597440242765,-0.07687033023685216,-0.11660626530647278,-0.0502142608165741
4880,30.5625,-0.6489586532115936,-0.027494653314352035,0.015581062622368335,0.0,0.44103284180164337,-0.0725736147724092,-0.08740882575511932,-0.060915447771549225
4890,28.625,-0.2601051777601242,-0.03332530930638313,0.005587718635797501,0.0,0.4448742151260376,-0.06528593911789357,-0.07913938164710999,-0.057796068489551544
4900,20.0,-0.6402142345905304,-0.03190333340317011,0.013062519207596778,0.0,0.44605983793735504,-0.0786917969584465,-0.08351874351501465,-0.04844019562005997
4910,23.5625,-0.8838890194892883,-0.03355981595814228,0.017462164536118506,0.0,0.44656293392181395,-0.07882665973156691,-0.1755814105272293,-0.05910298973321915
4920,24.5625,-0.6344447135925293,-0.03622801639139652,0.009157182648777962,0.0,0.4464420139789581,-0.0754695612937212,-0.07630842924118042,-0.043983086943626404
4930,33.625,-0.5213569104671478,-0.03394794464111328,0.011888530664145946,0.0,0.44947233200073244,-0.06623341776430607,-0.03374328836798668,-0.052238307893276215
4940,34.5,-0.2455892339348793,-0.0326055308803916,0.01490668524056673,0.0,0.4491562247276306,-0.06966436794027686,-0.053204841911792755,-0.055218808352947235
4950,24.125,-0.7981162071228027,-0.029605533927679062,0.007594922091811895,0.0,0.4472227364778519,-0.09960048757493496,-0.20185434818267822,-0.053635258227586746
4960,24.5,-0.7484303116798401,-0.030156146734952927,0.021683106571435927,0.0,0.44935946464538573,-0.0655462086200714,-0.1534721404314041,-0.0024174158461391926
4970,30.625,-0.4494301676750183,-0.03663855269551277,0.010434000194072724,0.0,0.4494533956050873,-0.07356284344568849,-0.07679451256990433,-0.05702081322669983
4980,32.75,-0.4377707839012146,-0.0336396474391222,0.01563570611178875,0.0,0.4498874366283417,-0.0819669843185693,-0.09460881352424622,-0.014109515585005283
4990,28.625,-0.6334737241268158,-0.034698473289608955,0.02291949950158596,0.0,0.4530227780342102,-0.05041100126691163,-0.06484867632389069,-0.05331091582775116
5000,31.6875,-0.3314591348171234,-0.036299288272857666,0.006252402625977993,0.0,0.4495665609836578,-0.0772823877632618,-0.031928934156894684,-0.0564715713262558
